id,name,slug,entity_type,primary_category,secondary_categories,website,cxo_roles,categories,provider_types,community_formats,event_formats,intelligence_types,resource_types,executive_needs,topics,audiences,industries,geographies,geography_status,verification_status,last_verified
"ent_vistage","Vistage","vistage","executive community","Executive Communities","Executive Coaching","https://www.vistage.com/","CEO","Executive Communities|Executive Coaching","executive-communities|executive-coaching","peer-network|peer-group|membership-organization","","","","peer-learning|leadership-development|decision-support","","","","","unknown","verified","2026-08-11"
"ent_entrepreneurs_organization","Entrepreneurs' Organization","entrepreneurs-organization","executive community","Executive Communities","Corporate Membership Organizations","https://eonetwork.org/","CEO","Executive Communities|Corporate Membership Organizations","executive-communities|corporate-membership-organizations","executive-community|peer-network|peer-group|membership-organization","","","","executive-networking|peer-learning|leadership-development","","founders","","","unknown","verified","2026-08-11"
"ent_pavilion","Pavilion","pavilion","executive community","Executive Communities","Executive Education","https://www.joinpavilion.com/","CEO|CMO|COO","Executive Communities|Executive Education","executive-communities|executive-education","executive-community|executive-network|membership-organization","executive-event|workshop","","","executive-networking|peer-learning|professional-development","go-to-market|marketing|growth","","","","unknown","verified","2026-08-11"
"ent_korn_ferry","Korn Ferry","korn-ferry","executive search firm","Executive Search","Consulting|Board Advisory","https://www.kornferry.com/","CEO|CFO|CMO|CISO|CIO|CTO|COO|CHRO|CLO|Board","Executive Search|Consulting|Board Advisory","executive-search|consulting|board-advisory","","","","","talent|leadership-development|board-effectiveness","board-governance|corporate-governance","board-members","","","unknown","verified","2026-08-11"
"ent_russell_reynolds_associates","Russell Reynolds Associates","russell-reynolds-associates","executive search firm","Executive Search","Board Advisory","https://www.russellreynolds.com/","CEO|CFO|CMO|CIO|CTO|COO|CHRO|CLO|Board","Executive Search|Board Advisory","executive-search|board-advisory","","","","","talent|leadership-development|board-effectiveness","board-governance|corporate-governance","board-members","","","unknown","verified","2026-08-11"
"ent_heidrick_struggles","Heidrick & Struggles","heidrick-struggles","executive search firm","Executive Search","Consulting|Board Advisory","https://www.heidrick.com/","CEO|CFO|CMO|CIO|CTO|COO|CHRO|CLO|Board","Executive Search|Consulting|Board Advisory","executive-search|consulting|board-advisory","","","","","talent|leadership-development|board-effectiveness","board-governance|corporate-governance","board-members","","","unknown","verified","2026-08-11"
"ent_wilson_sonsini","Wilson Sonsini Goodrich & Rosati","wilson-sonsini","law firm","Law Firms","","https://www.wsgr.com/","CEO|CFO|CLO|General Counsel|Board","Law Firms","law-firms","","","","","governance|risk-management|capital-formation","corporate-governance|venture-capital|emerging-technology","","Technology|SaaS|Artificial Intelligence|Life Sciences","United States|Silicon Valley|San Francisco Bay Area|New York|Boston|London","verified","verified","2026-08-11"
"ent_fenwick_west","Fenwick & West","fenwick-west","law firm","Law Firms","","https://www.fenwick.com/","CEO|CFO|CLO|General Counsel|Board","Law Firms","law-firms","","","","","governance|risk-management|capital-formation","corporate-governance|venture-capital|emerging-technology","","Technology|SaaS|Artificial Intelligence|Life Sciences","","unknown","verified","2026-08-11"
"ent_latham_watkins","Latham & Watkins","latham-watkins","law firm","Law Firms","","https://www.lw.com/","CEO|CFO|CLO|General Counsel|Board","Law Firms","law-firms","","","","","governance|risk-management|capital-formation","corporate-governance|private-equity|private-markets|capital-strategy","","Professional Services|Technology|Financial Services|Energy","","unknown","verified","2026-08-11"
"ent_pwc","PwC","pwc","professional services firm","Accounting","Consulting|Finance Advisory","https://www.pwc.com/","CEO|CFO|CISO|CIO|CTO|COO|CHRO|CLO|Board","Accounting|Consulting|Finance Advisory","accounting|consulting|finance-advisory","","","","","strategic-insight|decision-support|risk-management|transformation","enterprise-ai|finance-transformation|cybersecurity|risk","","","","unknown","verified","2026-08-11"
"ent_ey","EY","ey","professional services firm","Accounting","Consulting|Finance Advisory","https://www.ey.com/","CEO|CFO|CISO|CIO|CTO|COO|CHRO|CLO|Board","Accounting|Consulting|Finance Advisory","accounting|consulting|finance-advisory","","","","","strategic-insight|decision-support|risk-management|transformation","enterprise-ai|finance-transformation|cybersecurity|risk","","","","unknown","verified","2026-08-11"
"ent_kpmg","KPMG","kpmg","professional services firm","Accounting","Consulting|Finance Advisory","https://kpmg.com/","CEO|CFO|CISO|CIO|CTO|COO|CHRO|CLO|Board","Accounting|Consulting|Finance Advisory","accounting|consulting|finance-advisory","","","","","strategic-insight|decision-support|risk-management|transformation","enterprise-ai|finance-transformation|cybersecurity|risk","","","","unknown","verified","2026-08-11"
"ent_mckinsey","McKinsey & Company","mckinsey-company","consultancy","Consulting","","https://www.mckinsey.com/","CEO|CFO|CMO|CISO|CIO|CTO|COO|CHRO|Board","Consulting","consulting","","","","","strategic-insight|decision-support|transformation|value-creation","enterprise-ai|finance-transformation|growth|go-to-market","","","","unknown","verified","2026-08-11"
"ent_bcg","Boston Consulting Group","boston-consulting-group","consultancy","Consulting","","https://www.bcg.com/","CEO|CFO|CMO|CISO|CIO|CTO|COO|CHRO|Board","Consulting","consulting","","","","","strategic-insight|decision-support|transformation|value-creation","enterprise-ai|finance-transformation|growth|go-to-market","","","","unknown","verified","2026-08-11"
"ent_bain","Bain & Company","bain-company","consultancy","Consulting","","https://www.bain.com/","CEO|CFO|CMO|CIO|CTO|COO|CHRO|Board","Consulting","consulting","","","","","strategic-insight|decision-support|transformation|value-creation","enterprise-ai|finance-transformation|growth|go-to-market|private-equity","","","","unknown","verified","2026-08-11"
"ent_bank_of_america","Bank of America","bank-of-america","bank","Banks","Investment Banks|Wealth Management","https://www.bankofamerica.com/","CEO|CFO|Board","Banks|Investment Banks|Wealth Management","banks|investment-banks|wealth-management","","","","","capital-formation|fundraising|risk-management|decision-support","capital-strategy|private-markets","","","","unknown","verified","2026-08-11"
"ent_citi","Citi","citi","bank","Banks","Investment Banks|Wealth Management","https://www.citigroup.com/","CEO|CFO|Board","Banks|Investment Banks|Wealth Management","banks|investment-banks|wealth-management","","","","","capital-formation|fundraising|risk-management|decision-support","capital-strategy|private-markets","","","","unknown","verified","2026-08-11"
"ent_hsbc","HSBC","hsbc","bank","Banks","Investment Banks|Wealth Management","https://www.hsbc.com/","CEO|CFO|Board","Banks|Investment Banks|Wealth Management","banks|investment-banks|wealth-management","","","","","capital-formation|fundraising|risk-management|decision-support","capital-strategy|private-markets","","","","unknown","verified","2026-08-11"
"ent_evercore","Evercore","evercore","investment bank","Investment Banks","M&A Advisors","https://www.evercore.com/","CEO|CFO|Board","Investment Banks|M&A Advisors","investment-banks|m-a-advisors","","","","","capital-formation|fundraising|decision-support|value-creation","capital-strategy|private-equity|private-markets","","","","unknown","verified","2026-08-11"
"ent_lazard","Lazard","lazard","investment bank","Investment Banks","M&A Advisors|Wealth Management","https://www.lazard.com/","CEO|CFO|Board","Investment Banks|M&A Advisors|Wealth Management","investment-banks|m-a-advisors|wealth-management","","","","","capital-formation|fundraising|decision-support|value-creation","capital-strategy|private-equity|private-markets","","","","unknown","verified","2026-08-11"
"ent_houlihan_lokey","Houlihan Lokey","houlihan-lokey","investment bank","Investment Banks","M&A Advisors|Finance Advisory","https://www.hl.com/","CEO|CFO|Board","Investment Banks|M&A Advisors|Finance Advisory","investment-banks|m-a-advisors|finance-advisory","","","","","capital-formation|fundraising|decision-support|value-creation","capital-strategy|private-equity|private-markets","","","","unknown","verified","2026-08-11"
"ent_andreessen_horowitz","Andreessen Horowitz","andreessen-horowitz","venture capital firm","Venture Capital","","https://a16z.com/","CEO|CFO|Board","Venture Capital","venture-capital","","","","","deal-flow|fundraising|portfolio-support","venture-capital|artificial-intelligence|emerging-technology","venture-capital-investors|founders|ai-leaders","Technology|SaaS|Artificial Intelligence|Fintech|Healthcare","","unknown","verified","2026-08-11"
"ent_accel","Accel","accel","venture capital firm","Venture Capital","","https://www.accel.com/","CEO|CFO|Board","Venture Capital","venture-capital","","","","","deal-flow|fundraising|portfolio-support","venture-capital|artificial-intelligence|emerging-technology","venture-capital-investors|founders","Technology|SaaS|Artificial Intelligence|Cybersecurity|Fintech","","unknown","verified","2026-08-11"
"ent_lightspeed","Lightspeed Venture Partners","lightspeed-venture-partners","venture capital firm","Venture Capital","","https://lsvp.com/","CEO|CFO|Board","Venture Capital","venture-capital","","","","","deal-flow|fundraising|portfolio-support","venture-capital|artificial-intelligence|emerging-technology","venture-capital-investors|founders","Technology|SaaS|Artificial Intelligence|Fintech|Healthcare","","unknown","verified","2026-08-11"
"ent_kkr","KKR","kkr","private equity firm","Private Equity","Private Credit","https://www.kkr.com/","CEO|CFO|COO|Board","Private Equity|Private Credit","private-equity|private-credit","","","","","portfolio-support|portfolio-operations|value-creation","private-equity|private-markets|portfolio-operations|value-creation","private-equity-leaders|operating-partners","Financial Services|Technology|Healthcare|Industrial","","unknown","verified","2026-08-11"
"ent_blackstone","Blackstone","blackstone","alternative investment firm","Private Equity","Private Credit","https://www.blackstone.com/","CEO|CFO|COO|Board","Private Equity|Private Credit","private-equity|private-credit","","","","","portfolio-support|portfolio-operations|value-creation","private-equity|private-markets|portfolio-operations|value-creation","private-equity-leaders|operating-partners","Financial Services|Technology|Real Estate","","unknown","verified","2026-08-11"
"ent_silver_lake","Silver Lake","silver-lake","private equity firm","Private Equity","","https://www.silverlake.com/","CEO|CFO|COO|Board","Private Equity","private-equity","","","","","portfolio-support|value-creation","private-equity|private-markets|emerging-technology","private-equity-leaders","Technology|SaaS|Artificial Intelligence","","unknown","verified","2026-08-11"
"ent_oracle","Oracle","oracle","software company","Enterprise Technology","Artificial Intelligence","https://www.oracle.com/","CFO|CIO|CTO|CHRO","Enterprise Technology|Artificial Intelligence","enterprise-technology|artificial-intelligence","","","","","decision-support|risk-management","enterprise-ai|finance-transformation|fpa","","Technology|SaaS|Artificial Intelligence","","unknown","verified","2026-08-11"
"ent_sap","SAP","sap","software company","Enterprise Technology","Artificial Intelligence","https://www.sap.com/","CFO|CIO|CTO|COO|CHRO","Enterprise Technology|Artificial Intelligence","enterprise-technology|artificial-intelligence","","","","","decision-support","enterprise-ai|finance-transformation|fpa","","Technology|SaaS|Artificial Intelligence","","unknown","verified","2026-08-11"
"ent_anaplan","Anaplan","anaplan","software company","Enterprise Technology","","https://www.anaplan.com/","CFO|COO","Enterprise Technology","enterprise-technology","","","","","decision-support","finance-transformation|fpa","","Technology|SaaS","","unknown","verified","2026-08-11"
"ent_salesforce","Salesforce","salesforce","software company","Enterprise Technology","Artificial Intelligence","https://www.salesforce.com/","CMO|CIO|CTO|COO","Enterprise Technology|Artificial Intelligence","enterprise-technology|artificial-intelligence","","","","","decision-support","enterprise-ai|go-to-market|marketing|growth","","Technology|SaaS|Artificial Intelligence","","unknown","verified","2026-08-11"
"ent_hubspot","HubSpot","hubspot","software company","Enterprise Technology","","https://www.hubspot.com/","CMO|COO|CIO","Enterprise Technology","enterprise-technology","","","","","decision-support","go-to-market|marketing|growth","","Technology|SaaS","","unknown","verified","2026-08-11"
"ent_adobe","Adobe","adobe","software company","Enterprise Technology","Artificial Intelligence","https://www.adobe.com/","CMO|CIO|CTO","Enterprise Technology|Artificial Intelligence","enterprise-technology|artificial-intelligence","","","","","decision-support","artificial-intelligence|marketing|attribution|growth","","Technology|SaaS|Media|Artificial Intelligence","","unknown","verified","2026-08-11"
"ent_crowdstrike","CrowdStrike","crowdstrike","cybersecurity company","Cybersecurity","Enterprise Technology|Artificial Intelligence","https://www.crowdstrike.com/","CISO|CIO|CTO","Cybersecurity|Enterprise Technology|Artificial Intelligence","cybersecurity|enterprise-technology|artificial-intelligence","","","","","risk-management","cybersecurity|artificial-intelligence|identity","","Cybersecurity|Technology|Artificial Intelligence","","unknown","verified","2026-08-11"
"ent_zscaler","Zscaler","zscaler","cybersecurity company","Cybersecurity","Enterprise Technology","https://www.zscaler.com/","CISO|CIO|CTO","Cybersecurity|Enterprise Technology","cybersecurity|enterprise-technology","","","","","risk-management","cybersecurity|identity","","Cybersecurity|Technology","","unknown","verified","2026-08-11"
"ent_wiz","Wiz","wiz","cybersecurity company","Cybersecurity","Enterprise Technology","https://www.wiz.io/","CISO|CIO|CTO","Cybersecurity|Enterprise Technology","cybersecurity|enterprise-technology","","","","","risk-management","cybersecurity","","Cybersecurity|Technology|SaaS","","unknown","verified","2026-08-11"
"ent_stanford_executive_education","Stanford Graduate School of Business Executive Education","stanford-gsb-executive-education","university executive education program","Executive Education","","https://www.gsb.stanford.edu/exec-ed","CEO|CFO|CMO|CIO|CTO|COO|CHRO|Board","Executive Education","executive-education","","","","","leadership-development|professional-development|strategic-insight","artificial-intelligence|board-governance|growth","board-members|ai-leaders","Education|Professional Services","","unknown","verified","2026-08-11"
"ent_wharton_executive_education","Wharton Executive Education","wharton-executive-education","university executive education program","Executive Education","","https://executiveeducation.wharton.upenn.edu/","CEO|CFO|CMO|CIO|CTO|COO|CHRO|Board","Executive Education","executive-education","","","","","leadership-development|professional-development|strategic-insight","finance-transformation|marketing|growth","","Education|Professional Services","","unknown","verified","2026-08-11"
"ent_mit_sloan_executive_education","MIT Sloan Executive Education","mit-sloan-executive-education","university executive education program","Executive Education","","https://executive.mit.edu/","CEO|CFO|CMO|CIO|CTO|COO|CHRO|Board","Executive Education","executive-education","","","","","leadership-development|professional-development|strategic-insight","artificial-intelligence|enterprise-ai|emerging-technology","ai-leaders","Education|Technology|Professional Services","","unknown","verified","2026-08-11"
"ent_open_future_forum","Open Future Forum","open-future-forum","executive community","Executive Communities","","https://openfutureforum.com/","CEO|CFO|CMO|CISO|CTO|Board","Executive Communities","executive-communities","executive-community|executive-network|peer-group|executive-forum|executive-board","executive-event|executive-dinner|private-dinner|roundtable|networking-event|panel|fireside-chat","executive-research|research-report|first-party-research|survey|qualitative-research|benchmark","guide|framework","executive-networking|peer-learning|strategic-insight|decision-support|governance","artificial-intelligence|enterprise-ai|ai-governance|cybersecurity|board-governance|private-equity|venture-capital","private-equity-leaders|venture-capital-investors|corporate-venture-investors|founders|ai-leaders|board-members","Technology|Artificial Intelligence|Financial Services","United States|Silicon Valley|San Francisco Bay Area","verified","verified","2026-08-11"
"ent_chief","Chief","chief","executive community","Executive Communities","Corporate Membership Organizations","https://chief.com/","CEO|CFO|CMO|CISO|CIO|CTO|COO|CHRO|CLO|General Counsel|Board","Executive Communities|Corporate Membership Organizations","executive-communities|corporate-membership-organizations","executive-community|executive-network|membership-organization","","","","executive-networking|peer-learning|leadership-development","","","Professional Services","","unknown","verified","2026-08-11"
"ent_young_presidents_organization","YPO","ypo","executive community","Executive Communities","Corporate Membership Organizations","https://www.ypo.org/","CEO","Executive Communities|Corporate Membership Organizations","executive-communities|corporate-membership-organizations","executive-community|peer-network|peer-group|membership-organization","","","","executive-networking|peer-learning|leadership-development","","","Professional Services","United States","verified","verified","2026-08-11"
"ent_spencer_stuart","Spencer Stuart","spencer-stuart","executive search firm","Executive Search","Board Advisory","https://www.spencerstuart.com/","CEO|CFO|CMO|CISO|CIO|CTO|COO|CHRO|CLO|General Counsel|Board","Executive Search|Board Advisory","executive-search|board-advisory","","","","","talent|leadership-development|board-effectiveness","board-governance|corporate-governance","board-members","Professional Services","","unknown","verified","2026-08-11"
"ent_cooley","Cooley","cooley","law firm","Law Firms","","https://www.cooley.com/","CEO|CFO|CLO|General Counsel|Board","Law Firms","law-firms","","","","","governance|risk-management|capital-formation","corporate-governance|venture-capital|private-equity|emerging-technology","","Technology|SaaS|Artificial Intelligence|Life Sciences","","unknown","verified","2026-08-11"
"ent_deloitte","Deloitte","deloitte","professional services firm","Accounting","Consulting|Finance Advisory","https://www.deloitte.com/","CEO|CFO|CISO|CIO|CTO|COO|CHRO|CLO|General Counsel|Board","Accounting|Consulting|Finance Advisory","accounting|consulting|finance-advisory","","","","","strategic-insight|decision-support|risk-management|transformation","enterprise-ai|finance-transformation|cybersecurity|risk","","Professional Services|Financial Services|Technology|Healthcare|Manufacturing","","unknown","verified","2026-08-11"
"ent_jpmorgan","JPMorgan Chase","jpmorgan-chase","bank","Banks","Investment Banks|Wealth Management","https://www.jpmorganchase.com/","CEO|CFO|Board","Banks|Investment Banks|Wealth Management","banks|investment-banks|wealth-management","","","","","capital-formation|fundraising|risk-management|decision-support","capital-strategy|private-markets","","Financial Services|Fintech|Technology","","unknown","verified","2026-08-11"
"ent_sequoia_capital","Sequoia Capital","sequoia-capital","venture capital firm","Venture Capital","","https://www.sequoiacap.com/","CEO|CFO|Board","Venture Capital","venture-capital","","","","","deal-flow|fundraising|portfolio-support","venture-capital|artificial-intelligence|emerging-technology","venture-capital-investors|founders|ai-leaders","Technology|SaaS|Artificial Intelligence|Fintech|Healthcare","","unknown","verified","2026-08-11"
"ent_thoma_bravo","Thoma Bravo","thoma-bravo","private equity firm","Private Equity","","https://www.thomabravo.com/","CEO|CFO|COO|Board","Private Equity","private-equity","","","","","portfolio-support|portfolio-operations|value-creation","private-equity|private-markets|portfolio-operations|value-creation","private-equity-leaders|operating-partners","Technology|SaaS|Cybersecurity","","unknown","verified","2026-08-11"
"ent_workday","Workday","workday","software company","Enterprise Technology","","https://www.workday.com/","CFO|CHRO|CIO","Enterprise Technology","enterprise-technology","","","","","decision-support|transformation","finance-transformation|fpa","","Technology|SaaS","","unknown","verified","2026-08-11"
"ent_palo_alto_networks","Palo Alto Networks","palo-alto-networks","cybersecurity company","Cybersecurity","Enterprise Technology|Artificial Intelligence","https://www.paloaltonetworks.com/","CISO|CIO|CTO","Cybersecurity|Enterprise Technology|Artificial Intelligence","cybersecurity|enterprise-technology|artificial-intelligence","","","","","risk-management|decision-support","cybersecurity|artificial-intelligence|enterprise-ai|ai-governance|identity","","Cybersecurity|Technology|Artificial Intelligence","","unknown","verified","2026-08-11"
"ent_harvard_business_school_exec_ed","Harvard Business School Executive Education","harvard-business-school-executive-education","university executive education program","Executive Education","","https://www.exed.hbs.edu/","CEO|CFO|CMO|CIO|CTO|COO|CHRO|Board","Executive Education","executive-education","","","","","leadership-development|professional-development|strategic-insight","board-governance|growth","board-members","Education|Professional Services","","unknown","verified","2026-08-11"
"ent_capital_one","Capital One","capital-one","Financial institution","Banks","Payments","https://www.capitalone.com/","CEO|CFO","Banks|Payments","banks|payments","","","","","","","","Financial Services","United States","verified","verified","2026-08-11"
"ent_fortinet","Fortinet","fortinet","cybersecurity company","Cybersecurity","Enterprise Technology","https://www.fortinet.com/","CISO|CIO|CTO","Cybersecurity|Enterprise Technology","cybersecurity|enterprise-technology","","","","","risk-management|decision-support","cybersecurity|risk","","Cybersecurity|Technology","United States","verified","verified","2026-08-12"
"ent_okta","Okta","okta","cybersecurity company","Identity and Access Management","Cybersecurity","https://www.okta.com/","CISO|CIO|CTO","Identity and Access Management|Cybersecurity","identity-and-access-management|cybersecurity","","","","","risk-management|decision-support","identity|cybersecurity","","Cybersecurity|Technology","United States","verified","verified","2026-08-12"
"ent_cloudflare","Cloudflare","cloudflare","cybersecurity company","Cybersecurity","Enterprise Technology","https://www.cloudflare.com/","CISO|CIO|CTO","Cybersecurity|Enterprise Technology","cybersecurity|enterprise-technology","","","","","risk-management|decision-support","cybersecurity|risk","","Cybersecurity|Technology","United States","verified","verified","2026-08-12"
"ent_sentinelone","SentinelOne","sentinelone","cybersecurity company","Cybersecurity","Enterprise Technology","https://www.sentinelone.com/","CISO|CIO|CTO","Cybersecurity|Enterprise Technology","cybersecurity|enterprise-technology","","","","","risk-management|decision-support","cybersecurity|risk","","Cybersecurity|Technology","United States","verified","verified","2026-08-12"
"ent_check_point_software","Check Point Software","check-point-software","cybersecurity company","Cybersecurity","Enterprise Technology","https://www.checkpoint.com/","CISO|CIO|CTO","Cybersecurity|Enterprise Technology","cybersecurity|enterprise-technology","","","","","risk-management|decision-support","cybersecurity|risk","","Cybersecurity|Technology","United States","verified","verified","2026-08-12"
"ent_cyberark","CyberArk","cyberark","cybersecurity company","Identity and Access Management","Cybersecurity","https://www.cyberark.com/","CISO|CIO|CTO","Identity and Access Management|Cybersecurity","identity-and-access-management|cybersecurity","","","","","risk-management|decision-support","identity|cybersecurity","","Cybersecurity|Technology","United States","verified","verified","2026-08-12"
"ent_proofpoint","Proofpoint","proofpoint","cybersecurity company","Email Security","Cybersecurity","https://www.proofpoint.com/","CISO|CIO|CTO","Email Security|Cybersecurity","email-security|cybersecurity","","","","","risk-management|decision-support","cybersecurity|risk","","Cybersecurity|Technology","United States","verified","verified","2026-08-12"
"ent_tenable","Tenable","tenable","cybersecurity company","Cybersecurity","Enterprise Technology","https://www.tenable.com/","CISO|CIO|CTO","Cybersecurity|Enterprise Technology","cybersecurity|enterprise-technology","","","","","risk-management|decision-support","cybersecurity|risk","","Cybersecurity|Technology","United States","verified","verified","2026-08-12"
"ent_rapid7","Rapid7","rapid7","cybersecurity company","Cybersecurity","Enterprise Technology","https://www.rapid7.com/","CISO|CIO|CTO","Cybersecurity|Enterprise Technology","cybersecurity|enterprise-technology","","","","","risk-management|decision-support","cybersecurity|risk","","Cybersecurity|Technology","United States","verified","verified","2026-08-12"
"ent_snyk","Snyk","snyk","cybersecurity company","Application Security","Cybersecurity","https://snyk.io/","CISO|CIO|CTO","Application Security|Cybersecurity","application-security|cybersecurity","","","","","risk-management|decision-support","cybersecurity|risk","","Cybersecurity|Technology","United States","verified","verified","2026-08-12"
"ent_rubrik","Rubrik","rubrik","cybersecurity company","Cybersecurity","Enterprise Technology","https://www.rubrik.com/","CISO|CIO|CTO","Cybersecurity|Enterprise Technology","cybersecurity|enterprise-technology","","","","","risk-management|decision-support","cybersecurity|risk","","Cybersecurity|Technology","United States","verified","verified","2026-08-12"
"ent_vanta","Vanta","vanta","cybersecurity company","GRC Automation","Cybersecurity","https://www.vanta.com/","CISO|CIO|CTO","GRC Automation|Cybersecurity","grc-automation|cybersecurity","","","","","risk-management|decision-support","cybersecurity|risk","","Cybersecurity|Technology","United States","verified","verified","2026-08-12"
"ent_drata","Drata","drata","cybersecurity company","GRC Automation","Cybersecurity","https://drata.com/","CISO|CIO|CTO","GRC Automation|Cybersecurity","grc-automation|cybersecurity","","","","","risk-management|decision-support","cybersecurity|risk","","Cybersecurity|Technology","United States","verified","verified","2026-08-12"
"ent_arctic_wolf","Arctic Wolf","arctic-wolf","cybersecurity company","Cybersecurity","Enterprise Technology","https://arcticwolf.com/","CISO|CIO|CTO","Cybersecurity|Enterprise Technology","cybersecurity|enterprise-technology","","","","","risk-management|decision-support","cybersecurity|risk","","Cybersecurity|Technology","United States","verified","verified","2026-08-12"
"ent_netskope","Netskope","netskope","cybersecurity company","Cybersecurity","Enterprise Technology","https://www.netskope.com/","CISO|CIO|CTO","Cybersecurity|Enterprise Technology","cybersecurity|enterprise-technology","","","","","risk-management|decision-support","cybersecurity|risk","","Cybersecurity|Technology","United States","verified","verified","2026-08-12"
"ent_amazon_web_services","Amazon Web Services","amazon-web-services","enterprise technology company","AI Infrastructure","Enterprise Technology|Artificial Intelligence","https://aws.amazon.com/","CIO|CTO|CEO","AI Infrastructure|Enterprise Technology|Artificial Intelligence","ai-infrastructure|enterprise-technology|artificial-intelligence","","","","","transformation|decision-support","enterprise-ai|ai-transformation","","Technology|Software","United States","verified","verified","2026-08-12"
"ent_google_cloud","Google Cloud","google-cloud","enterprise technology company","AI Infrastructure","Enterprise Technology|Artificial Intelligence","https://cloud.google.com/","CIO|CTO|CEO","AI Infrastructure|Enterprise Technology|Artificial Intelligence","ai-infrastructure|enterprise-technology|artificial-intelligence","","","","","transformation|decision-support","enterprise-ai|ai-transformation","","Technology|Software","United States","verified","verified","2026-08-12"
"ent_ibm","IBM","ibm","enterprise technology company","Enterprise Technology","Artificial Intelligence|Consulting","https://www.ibm.com/","CIO|CTO|CEO","Enterprise Technology|Artificial Intelligence|Consulting","enterprise-technology|artificial-intelligence|consulting","","","","","transformation|decision-support","enterprise-ai|ai-transformation","","Technology|Software","United States","verified","verified","2026-08-12"
"ent_cisco","Cisco","cisco","enterprise technology company","Enterprise Technology","Cybersecurity","https://www.cisco.com/","CIO|CTO|CEO","Enterprise Technology|Cybersecurity","enterprise-technology|cybersecurity","","","","","transformation|decision-support","enterprise-ai|ai-transformation","","Technology|Software","United States","verified","verified","2026-08-12"
"ent_snowflake","Snowflake","snowflake","enterprise technology company","AI Infrastructure","Enterprise Technology|Artificial Intelligence","https://www.snowflake.com/","CIO|CTO|CEO","AI Infrastructure|Enterprise Technology|Artificial Intelligence","ai-infrastructure|enterprise-technology|artificial-intelligence","","","","","transformation|decision-support","enterprise-ai|ai-transformation","","Technology|Software","United States","verified","verified","2026-08-12"
"ent_palantir","Palantir","palantir","enterprise technology company","Artificial Intelligence","Enterprise Technology","https://www.palantir.com/","CIO|CTO|CEO","Artificial Intelligence|Enterprise Technology","artificial-intelligence|enterprise-technology","","","","","transformation|decision-support","enterprise-ai|ai-transformation","","Technology|Software","United States","verified","verified","2026-08-12"
"ent_uipath","UiPath","uipath","enterprise technology company","Enterprise Automation","Artificial Intelligence","https://www.uipath.com/","CIO|CTO|CEO","Enterprise Automation|Artificial Intelligence","enterprise-automation|artificial-intelligence","","","","","transformation|decision-support","enterprise-ai|ai-transformation","","Technology|Software","United States","verified","verified","2026-08-12"
"ent_automation_anywhere","Automation Anywhere","automation-anywhere","enterprise technology company","Enterprise Automation","AI Agents|Artificial Intelligence","https://www.automationanywhere.com/","CIO|CTO|CEO","Enterprise Automation|AI Agents|Artificial Intelligence","enterprise-automation|ai-agents|artificial-intelligence","","","","","transformation|decision-support","enterprise-ai|ai-transformation","","Technology|Software","United States","verified","verified","2026-08-12"
"ent_celonis","Celonis","celonis","enterprise technology company","Enterprise Automation","Enterprise Technology","https://www.celonis.com/","CIO|CTO|CEO","Enterprise Automation|Enterprise Technology","enterprise-automation|enterprise-technology","","","","","transformation|decision-support","enterprise-ai|ai-transformation","","Technology|Software","United States","verified","verified","2026-08-12"
"ent_atlassian","Atlassian","atlassian","enterprise technology company","Enterprise Technology","","https://www.atlassian.com/","CIO|CTO|CEO","Enterprise Technology","enterprise-technology","","","","","transformation|decision-support","enterprise-ai|ai-transformation","","Technology|Software","United States","verified","verified","2026-08-12"
"ent_zoom","Zoom","zoom","enterprise technology company","Enterprise Technology","","https://www.zoom.com/","CIO|CTO|CEO","Enterprise Technology","enterprise-technology","","","","","transformation|decision-support","enterprise-ai|ai-transformation","","Technology|Software","United States","verified","verified","2026-08-12"
"ent_box","Box","box","enterprise technology company","Enterprise Technology","","https://www.box.com/","CIO|CTO|CEO","Enterprise Technology","enterprise-technology","","","","","transformation|decision-support","enterprise-ai|ai-transformation","","Technology|Software","United States","verified","verified","2026-08-12"
"ent_dropbox","Dropbox","dropbox","enterprise technology company","Enterprise Technology","","https://www.dropbox.com/","CIO|CTO|CEO","Enterprise Technology","enterprise-technology","","","","","transformation|decision-support","enterprise-ai|ai-transformation","","Technology|Software","United States","verified","verified","2026-08-12"
"ent_notion","Notion","notion","enterprise technology company","Enterprise Technology","Artificial Intelligence","https://www.notion.com/","CIO|CTO|CEO","Enterprise Technology|Artificial Intelligence","enterprise-technology|artificial-intelligence","","","","","transformation|decision-support","enterprise-ai|ai-transformation","","Technology|Software","United States","verified","verified","2026-08-12"
"ent_airtable","Airtable","airtable","enterprise technology company","Enterprise Technology","","https://www.airtable.com/","CIO|CTO|CEO","Enterprise Technology","enterprise-technology","","","","","transformation|decision-support","enterprise-ai|ai-transformation","","Technology|Software","United States","verified","verified","2026-08-12"
"ent_monday_com","monday.com","monday-com","enterprise technology company","Enterprise Technology","","https://monday.com/","CIO|CTO|CEO","Enterprise Technology","enterprise-technology","","","","","transformation|decision-support","enterprise-ai|ai-transformation","","Technology|Software","United States","verified","verified","2026-08-12"
"ent_smartsheet","Smartsheet","smartsheet","enterprise technology company","Enterprise Technology","","https://www.smartsheet.com/","CIO|CTO|CEO","Enterprise Technology","enterprise-technology","","","","","transformation|decision-support","enterprise-ai|ai-transformation","","Technology|Software","United States","verified","verified","2026-08-12"
"ent_gitlab","GitLab","gitlab","enterprise technology company","Enterprise Technology","","https://about.gitlab.com/","CIO|CTO|CEO","Enterprise Technology","enterprise-technology","","","","","transformation|decision-support","enterprise-ai|ai-transformation","","Technology|Software","United States","verified","verified","2026-08-12"
"ent_github","GitHub","github","enterprise technology company","Enterprise Technology","Artificial Intelligence","https://github.com/","CIO|CTO|CEO","Enterprise Technology|Artificial Intelligence","enterprise-technology|artificial-intelligence","","","","","transformation|decision-support","enterprise-ai|ai-transformation","","Technology|Software","United States","verified","verified","2026-08-12"
"ent_datadog","Datadog","datadog","enterprise technology company","Enterprise Technology","Cybersecurity","https://www.datadoghq.com/","CIO|CTO|CEO","Enterprise Technology|Cybersecurity","enterprise-technology|cybersecurity","","","","","transformation|decision-support","enterprise-ai|ai-transformation","","Technology|Software","United States","verified","verified","2026-08-12"
"ent_mongodb","MongoDB","mongodb","enterprise technology company","AI Infrastructure","Enterprise Technology","https://www.mongodb.com/","CIO|CTO|CEO","AI Infrastructure|Enterprise Technology","ai-infrastructure|enterprise-technology","","","","","transformation|decision-support","enterprise-ai|ai-transformation","","Technology|Software","United States","verified","verified","2026-08-12"
"ent_elastic","Elastic","elastic","enterprise technology company","AI Infrastructure","Enterprise Technology|Cybersecurity","https://www.elastic.co/","CIO|CTO|CEO","AI Infrastructure|Enterprise Technology|Cybersecurity","ai-infrastructure|enterprise-technology|cybersecurity","","","","","transformation|decision-support","enterprise-ai|ai-transformation","","Technology|Software","United States","verified","verified","2026-08-12"
"ent_confluent","Confluent","confluent","enterprise technology company","AI Infrastructure","Enterprise Technology","https://www.confluent.io/","CIO|CTO|CEO","AI Infrastructure|Enterprise Technology","ai-infrastructure|enterprise-technology","","","","","transformation|decision-support","enterprise-ai|ai-transformation","","Technology|Software","United States","verified","verified","2026-08-12"
"ent_alteryx","Alteryx","alteryx","enterprise technology company","Enterprise Technology","Artificial Intelligence","https://www.alteryx.com/","CIO|CTO|CEO","Enterprise Technology|Artificial Intelligence","enterprise-technology|artificial-intelligence","","","","","transformation|decision-support","enterprise-ai|ai-transformation","","Technology|Software","United States","verified","verified","2026-08-12"
"ent_new_relic","New Relic","new-relic","enterprise technology company","Enterprise Technology","","https://newrelic.com/","CIO|CTO|CEO","Enterprise Technology","enterprise-technology","","","","","transformation|decision-support","enterprise-ai|ai-transformation","","Technology|Software","United States","verified","verified","2026-08-12"
"ent_sage","Sage","sage","finance technology company","Accounting Software","CFO Technology","https://www.sage.com/","CFO|CIO|CEO","Accounting Software|CFO Technology","accounting-software|cfo-technology","","","","","decision-support|operational-excellence","finance-transformation|fpa","","Financial Services|Technology","United States","verified","verified","2026-08-12"
"ent_workiva","Workiva","workiva","finance technology company","CFO Technology","Fintech","https://www.workiva.com/","CFO|CIO|CEO","CFO Technology|Fintech","cfo-technology|fintech","","","","","decision-support|operational-excellence","finance-transformation|fpa","","Financial Services|Technology","United States","verified","verified","2026-08-12"
"ent_floqast","FloQast","floqast","finance technology company","Accounting Software","CFO Technology","https://www.floqast.com/","CFO|CIO|CEO","Accounting Software|CFO Technology","accounting-software|cfo-technology","","","","","decision-support|operational-excellence","finance-transformation|fpa","","Financial Services|Technology","United States","verified","verified","2026-08-12"
"ent_planful","Planful","planful","finance technology company","CFO Technology","Fintech","https://planful.com/","CFO|CIO|CEO","CFO Technology|Fintech","cfo-technology|fintech","","","","","decision-support|operational-excellence","finance-transformation|fpa","","Financial Services|Technology","United States","verified","verified","2026-08-12"
"ent_onestream","OneStream","onestream","finance technology company","CFO Technology","Fintech","https://www.onestream.com/","CFO|CIO|CEO","CFO Technology|Fintech","cfo-technology|fintech","","","","","decision-support|operational-excellence","finance-transformation|fpa","","Financial Services|Technology","United States","verified","verified","2026-08-12"
"ent_trintech","Trintech","trintech","finance technology company","Accounting Software","CFO Technology","https://www.trintech.com/","CFO|CIO|CEO","Accounting Software|CFO Technology","accounting-software|cfo-technology","","","","","decision-support|operational-excellence","finance-transformation|fpa","","Financial Services|Technology","United States","verified","verified","2026-08-12"
"ent_tipalti","Tipalti","tipalti","finance technology company","CFO Technology","Payments|Fintech","https://tipalti.com/","CFO|CIO|CEO","CFO Technology|Payments|Fintech","cfo-technology|payments|fintech","","","","","decision-support|operational-excellence","finance-transformation|fpa","","Financial Services|Technology","United States","verified","verified","2026-08-12"
"ent_expensify","Expensify","expensify","finance technology company","Spend Management","Fintech","https://www.expensify.com/","CFO|CIO|CEO","Spend Management|Fintech","spend-management|fintech","","","","","decision-support|operational-excellence","finance-transformation|fpa","","Financial Services|Technology","United States","verified","verified","2026-08-12"
"ent_navan","Navan","navan","finance technology company","Spend Management","Fintech","https://navan.com/","CFO|CIO|CEO","Spend Management|Fintech","spend-management|fintech","","","","","decision-support|operational-excellence","finance-transformation|fpa","","Financial Services|Technology","United States","verified","verified","2026-08-12"
"ent_emburse","Emburse","emburse","finance technology company","Spend Management","Fintech","https://www.emburse.com/","CFO|CIO|CEO","Spend Management|Fintech","spend-management|fintech","","","","","decision-support|operational-excellence","finance-transformation|fpa","","Financial Services|Technology","United States","verified","verified","2026-08-12"
"ent_avalara","Avalara","avalara","finance technology company","Tax Technology","CFO Technology","https://www.avalara.com/","CFO|CIO|CEO","Tax Technology|CFO Technology","tax-technology|cfo-technology","","","","","decision-support|operational-excellence","finance-transformation|fpa","","Financial Services|Technology","United States","verified","verified","2026-08-12"
"ent_vertex","Vertex","vertex","finance technology company","Tax Technology","CFO Technology","https://www.vertexinc.com/","CFO|CIO|CEO","Tax Technology|CFO Technology","tax-technology|cfo-technology","","","","","decision-support|operational-excellence","finance-transformation|fpa","","Financial Services|Technology","United States","verified","verified","2026-08-12"
"ent_sovos","Sovos","sovos","finance technology company","Tax Technology","CFO Technology","https://sovos.com/","CFO|CIO|CEO","Tax Technology|CFO Technology","tax-technology|cfo-technology","","","","","decision-support|operational-excellence","finance-transformation|fpa","","Financial Services|Technology","United States","verified","verified","2026-08-12"
"ent_highradius","HighRadius","highradius","finance technology company","CFO Technology","Fintech","https://www.highradius.com/","CFO|CIO|CEO","CFO Technology|Fintech","cfo-technology|fintech","","","","","decision-support|operational-excellence","finance-transformation|fpa","","Financial Services|Technology","United States","verified","verified","2026-08-12"
"ent_kyriba","Kyriba","kyriba","finance technology company","Treasury Technology","CFO Technology","https://www.kyriba.com/","CFO|CIO|CEO","Treasury Technology|CFO Technology","treasury-technology|cfo-technology","","","","","decision-support|operational-excellence","finance-transformation|fpa","","Financial Services|Technology","United States","verified","verified","2026-08-12"
"ent_fis","FIS","fis","finance technology company","Fintech","Payments|Enterprise Technology","https://www.fisglobal.com/","CFO|CIO|CEO","Fintech|Payments|Enterprise Technology","fintech|payments|enterprise-technology","","","","","decision-support|operational-excellence","finance-transformation|fpa","","Financial Services|Technology","United States","verified","verified","2026-08-12"
"ent_spendesk","Spendesk","spendesk","finance technology company","Spend Management","Fintech","https://www.spendesk.com/","CFO|CIO|CEO","Spend Management|Fintech","spend-management|fintech","","","","","decision-support|operational-excellence","finance-transformation|fpa","","Financial Services|Technology","United States","verified","verified","2026-08-12"
"ent_airwallex","Airwallex","airwallex","finance technology company","Fintech","Payments","https://www.airwallex.com/","CFO|CIO|CEO","Fintech|Payments","fintech|payments","","","","","decision-support|operational-excellence","finance-transformation|fpa","","Financial Services|Technology","United States","verified","verified","2026-08-12"
"ent_wise","Wise","wise","finance technology company","Fintech","Payments","https://wise.com/","CFO|CIO|CEO","Fintech|Payments","fintech|payments","","","","","decision-support|operational-excellence","finance-transformation|fpa","","Financial Services|Technology","United States","verified","verified","2026-08-12"
"ent_adyen","Adyen","adyen","finance technology company","Payments","Fintech","https://www.adyen.com/","CFO|CIO|CEO","Payments|Fintech","payments|fintech","","","","","decision-support|operational-excellence","finance-transformation|fpa","","Financial Services|Technology","United States","verified","verified","2026-08-12"
"ent_adp","ADP","adp","human resources technology company","HR Technology","","https://www.adp.com/","CHRO|CIO|CEO","HR Technology","hr-technology","","","","","talent|operational-excellence","leadership|artificial-intelligence","","Human Resources|Technology","United States","verified","verified","2026-08-12"
"ent_paychex","Paychex","paychex","human resources technology company","HR Technology","","https://www.paychex.com/","CHRO|CIO|CEO","HR Technology","hr-technology","","","","","talent|operational-excellence","leadership|artificial-intelligence","","Human Resources|Technology","United States","verified","verified","2026-08-12"
"ent_ukg","UKG","ukg","human resources technology company","HR Technology","","https://www.ukg.com/","CHRO|CIO|CEO","HR Technology","hr-technology","","","","","talent|operational-excellence","leadership|artificial-intelligence","","Human Resources|Technology","United States","verified","verified","2026-08-12"
"ent_bamboohr","BambooHR","bamboohr","human resources technology company","HR Technology","","https://www.bamboohr.com/","CHRO|CIO|CEO","HR Technology","hr-technology","","","","","talent|operational-excellence","leadership|artificial-intelligence","","Human Resources|Technology","United States","verified","verified","2026-08-12"
"ent_greenhouse","Greenhouse","greenhouse","human resources technology company","HR Technology","","https://www.greenhouse.com/","CHRO|CIO|CEO","HR Technology","hr-technology","","","","","talent|operational-excellence","leadership|artificial-intelligence","","Human Resources|Technology","United States","verified","verified","2026-08-12"
"ent_lever","Lever","lever","human resources technology company","HR Technology","","https://www.lever.co/","CHRO|CIO|CEO","HR Technology","hr-technology","","","","","talent|operational-excellence","leadership|artificial-intelligence","","Human Resources|Technology","United States","verified","verified","2026-08-12"
"ent_cornerstone_ondemand","Cornerstone OnDemand","cornerstone-ondemand","human resources technology company","HR Technology","","https://www.cornerstoneondemand.com/","CHRO|CIO|CEO","HR Technology","hr-technology","","","","","talent|operational-excellence","leadership|artificial-intelligence","","Human Resources|Technology","United States","verified","verified","2026-08-12"
"ent_culture_amp","Culture Amp","culture-amp","human resources technology company","HR Technology","","https://www.cultureamp.com/","CHRO|CIO|CEO","HR Technology","hr-technology","","","","","talent|operational-excellence","leadership|artificial-intelligence","","Human Resources|Technology","United States","verified","verified","2026-08-12"
"ent_betterup","BetterUp","betterup","human resources technology company","HR Technology","Executive Coaching","https://www.betterup.com/","CHRO|CIO|CEO","HR Technology|Executive Coaching","hr-technology|executive-coaching","","","","","talent|operational-excellence","leadership|artificial-intelligence","","Human Resources|Technology","United States","verified","verified","2026-08-12"
"ent_eightfold_ai","Eightfold AI","eightfold-ai","human resources technology company","HR Technology","Artificial Intelligence","https://eightfold.ai/","CHRO|CIO|CEO","HR Technology|Artificial Intelligence","hr-technology|artificial-intelligence","","","","","talent|operational-excellence","leadership|artificial-intelligence","","Human Resources|Technology","United States","verified","verified","2026-08-12"
"ent_paradox","Paradox","paradox","human resources technology company","HR Technology","Artificial Intelligence","https://www.paradox.ai/","CHRO|CIO|CEO","HR Technology|Artificial Intelligence","hr-technology|artificial-intelligence","","","","","talent|operational-excellence","leadership|artificial-intelligence","","Human Resources|Technology","United States","verified","verified","2026-08-12"
"ent_beamery","Beamery","beamery","human resources technology company","HR Technology","","https://beamery.com/","CHRO|CIO|CEO","HR Technology","hr-technology","","","","","talent|operational-excellence","leadership|artificial-intelligence","","Human Resources|Technology","United States","verified","verified","2026-08-12"
"ent_workhuman","Workhuman","workhuman","human resources technology company","HR Technology","","https://www.workhuman.com/","CHRO|CIO|CEO","HR Technology","hr-technology","","","","","talent|operational-excellence","leadership|artificial-intelligence","","Human Resources|Technology","United States","verified","verified","2026-08-12"
"ent_paycom","Paycom","paycom","human resources technology company","HR Technology","","https://www.paycom.com/","CHRO|CIO|CEO","HR Technology","hr-technology","","","","","talent|operational-excellence","leadership|artificial-intelligence","","Human Resources|Technology","United States","verified","verified","2026-08-12"
"ent_dayforce","Dayforce","dayforce","human resources technology company","HR Technology","","https://www.dayforce.com/","CHRO|CIO|CEO","HR Technology","hr-technology","","","","","talent|operational-excellence","leadership|artificial-intelligence","","Human Resources|Technology","United States","verified","verified","2026-08-12"
"ent_braze","Braze","braze","marketing technology company","Marketing Technology","Enterprise Technology","https://www.braze.com/","CMO|CIO|CEO","Marketing Technology|Enterprise Technology","marketing-technology|enterprise-technology","","","","","business-growth|decision-support","marketing|growth|go-to-market","","Marketing|Technology","United States","verified","verified","2026-08-12"
"ent_klaviyo","Klaviyo","klaviyo","marketing technology company","Marketing Technology","Enterprise Technology","https://www.klaviyo.com/","CMO|CIO|CEO","Marketing Technology|Enterprise Technology","marketing-technology|enterprise-technology","","","","","business-growth|decision-support","marketing|growth|go-to-market","","Marketing|Technology","United States","verified","verified","2026-08-12"
"ent_sprout_social","Sprout Social","sprout-social","marketing technology company","Marketing Technology","Enterprise Technology","https://sproutsocial.com/","CMO|CIO|CEO","Marketing Technology|Enterprise Technology","marketing-technology|enterprise-technology","","","","","business-growth|decision-support","marketing|growth|go-to-market","","Marketing|Technology","United States","verified","verified","2026-08-12"
"ent_hootsuite","Hootsuite","hootsuite","marketing technology company","Marketing Technology","Enterprise Technology","https://www.hootsuite.com/","CMO|CIO|CEO","Marketing Technology|Enterprise Technology","marketing-technology|enterprise-technology","","","","","business-growth|decision-support","marketing|growth|go-to-market","","Marketing|Technology","United States","verified","verified","2026-08-12"
"ent_semrush","Semrush","semrush","marketing technology company","Marketing Technology","Enterprise Technology","https://www.semrush.com/","CMO|CIO|CEO","Marketing Technology|Enterprise Technology","marketing-technology|enterprise-technology","","","","","business-growth|decision-support","marketing|growth|go-to-market","","Marketing|Technology","United States","verified","verified","2026-08-12"
"ent_similarweb","Similarweb","similarweb","marketing technology company","Marketing Technology","Enterprise Technology","https://www.similarweb.com/","CMO|CIO|CEO","Marketing Technology|Enterprise Technology","marketing-technology|enterprise-technology","","","","","business-growth|decision-support","marketing|growth|go-to-market","","Marketing|Technology","United States","verified","verified","2026-08-12"
"ent_amplitude","Amplitude","amplitude","marketing technology company","Marketing Technology","Enterprise Technology","https://amplitude.com/","CMO|CIO|CEO","Marketing Technology|Enterprise Technology","marketing-technology|enterprise-technology","","","","","business-growth|decision-support","marketing|growth|go-to-market","","Marketing|Technology","United States","verified","verified","2026-08-12"
"ent_mixpanel","Mixpanel","mixpanel","marketing technology company","Marketing Technology","Enterprise Technology","https://mixpanel.com/","CMO|CIO|CEO","Marketing Technology|Enterprise Technology","marketing-technology|enterprise-technology","","","","","business-growth|decision-support","marketing|growth|go-to-market","","Marketing|Technology","United States","verified","verified","2026-08-12"
"ent_outreach","Outreach","outreach","marketing technology company","Marketing Technology","Enterprise Technology","https://www.outreach.io/","CMO|CIO|CEO","Marketing Technology|Enterprise Technology","marketing-technology|enterprise-technology","","","","","business-growth|decision-support","marketing|growth|go-to-market","","Marketing|Technology","United States","verified","verified","2026-08-12"
"ent_salesloft","Salesloft","salesloft","marketing technology company","Marketing Technology","Enterprise Technology","https://www.salesloft.com/","CMO|CIO|CEO","Marketing Technology|Enterprise Technology","marketing-technology|enterprise-technology","","","","","business-growth|decision-support","marketing|growth|go-to-market","","Marketing|Technology","United States","verified","verified","2026-08-12"
"ent_gong","Gong","gong","marketing technology company","Marketing Technology","Enterprise Technology","https://www.gong.io/","CMO|CIO|CEO","Marketing Technology|Enterprise Technology","marketing-technology|enterprise-technology","","","","","business-growth|decision-support","marketing|growth|go-to-market","","Marketing|Technology","United States","verified","verified","2026-08-12"
"ent_clari","Clari","clari","marketing technology company","Marketing Technology","Enterprise Technology","https://www.clari.com/","CMO|CIO|CEO","Marketing Technology|Enterprise Technology","marketing-technology|enterprise-technology","","","","","business-growth|decision-support","marketing|growth|go-to-market","","Marketing|Technology","United States","verified","verified","2026-08-12"
"ent_6sense","6sense","6sense","marketing technology company","Marketing Technology","Enterprise Technology","https://6sense.com/","CMO|CIO|CEO","Marketing Technology|Enterprise Technology","marketing-technology|enterprise-technology","","","","","business-growth|decision-support","marketing|growth|go-to-market","","Marketing|Technology","United States","verified","verified","2026-08-12"
"ent_demandbase","Demandbase","demandbase","marketing technology company","Marketing Technology","Enterprise Technology","https://www.demandbase.com/","CMO|CIO|CEO","Marketing Technology|Enterprise Technology","marketing-technology|enterprise-technology","","","","","business-growth|decision-support","marketing|growth|go-to-market","","Marketing|Technology","United States","verified","verified","2026-08-12"
"ent_qualtrics","Qualtrics","qualtrics","marketing technology company","Marketing Technology","Enterprise Technology|Research Firms","https://www.qualtrics.com/","CMO|CIO|CEO","Marketing Technology|Enterprise Technology|Research Firms","marketing-technology|enterprise-technology|research-firms","","","","","business-growth|decision-support","marketing|growth|go-to-market","","Marketing|Technology","United States","verified","verified","2026-08-12"
"ent_accenture","Accenture","accenture","professional services organization","Consulting","","https://www.accenture.com/","CEO|CFO|CIO|COO|Board","Consulting","consulting","","","","","strategic-insight|transformation","corporate-strategy|ai-transformation","","Professional Services|Technology","United States","verified","verified","2026-08-12"
"ent_roland_berger","Roland Berger","roland-berger","professional services organization","Consulting","","https://www.rolandberger.com/","CEO|CFO|CIO|COO|Board","Consulting","consulting","","","","","strategic-insight|transformation","corporate-strategy|ai-transformation","","Professional Services|Technology","United States","verified","verified","2026-08-12"
"ent_alvarez_marsal","Alvarez & Marsal","alvarez-marsal","professional services organization","Consulting","Finance Advisory","https://www.alvarezandmarsal.com/","CEO|CFO|CIO|COO|Board","Consulting|Finance Advisory","consulting|finance-advisory","","","","","strategic-insight|transformation","corporate-strategy|ai-transformation","","Professional Services|Technology","United States","verified","verified","2026-08-12"
"ent_grant_thornton","Grant Thornton","grant-thornton","professional services organization","Accounting","Consulting","https://www.grantthornton.com/","CEO|CFO|CIO|COO|Board","Accounting|Consulting","accounting|consulting","","","","","strategic-insight|transformation","corporate-strategy|ai-transformation","","Professional Services|Technology","United States","verified","verified","2026-08-12"
"ent_bdo","BDO","bdo","professional services organization","Accounting","Consulting","https://www.bdo.com/","CEO|CFO|CIO|COO|Board","Accounting|Consulting","accounting|consulting","","","","","strategic-insight|transformation","corporate-strategy|ai-transformation","","Professional Services|Technology","United States","verified","verified","2026-08-12"
"ent_egon_zehnder","Egon Zehnder","egon-zehnder","professional services organization","Executive Search","Board Advisory","https://www.egonzehnder.com/","CEO|CFO|CIO|COO|Board","Executive Search|Board Advisory","executive-search|board-advisory","","","","","talent|board-effectiveness","board-governance|leadership","","Professional Services|Technology","United States","verified","verified","2026-08-12"
"ent_gartner","Gartner","gartner","professional services organization","Analyst Firms","Research Firms","https://www.gartner.com/","CEO|CFO|CIO|COO|Board","Analyst Firms|Research Firms","analyst-firms|research-firms","","","","","strategic-insight|transformation","enterprise-ai|corporate-strategy","","Professional Services|Technology","United States","verified","verified","2026-08-12"
"ent_forrester","Forrester","forrester","professional services organization","Analyst Firms","Research Firms","https://www.forrester.com/","CEO|CFO|CIO|COO|Board","Analyst Firms|Research Firms","analyst-firms|research-firms","","","","","strategic-insight|transformation","enterprise-ai|corporate-strategy","","Professional Services|Technology","United States","verified","verified","2026-08-12"
"ent_aon","Aon","aon","professional services organization","Insurance","Consulting","https://www.aon.com/","CEO|CFO|CIO|COO|Board","Insurance|Consulting","insurance|consulting","","","","","strategic-insight|transformation","risk|corporate-strategy","","Insurance|Professional Services","United States","verified","verified","2026-08-12"
"ent_financial_executives_international","Financial Executives International","financial-executives-international","professional association","Professional Associations","Executive Communities","https://www.financialexecutives.org/","CFO|CEO","Professional Associations|Executive Communities","professional-associations|executive-communities","","","","","peer-learning|professional-development","finance-leadership|corporate-governance","","Financial Services|Professional Services","United States","verified","verified","2026-08-12"
"ent_first_citizens_bank","First Citizens Bank","first-citizens-bank","Organization","Banks","Wealth Management","https://www.firstcitizens.com/","CEO|CFO","Banks|Wealth Management","banks|wealth-management","","","","","capital-formation|decision-support","capital-strategy|private-markets","founders|venture-capital-investors|private-equity-leaders","Banking|Wealth Management|Commercial Finance|Technology|Venture Capital|Private Equity","United States","verified","verified","2026-08-11"
"ent_silicon_valley_bank","Silicon Valley Bank","silicon-valley-bank","Organization","Banks","","https://www.svb.com/","CEO|CFO","Banks","banks","","","","","capital-formation|fundraising|decision-support","venture-capital|private-equity|capital-strategy|private-markets","founders|venture-capital-investors|general-partners","Technology|Life Sciences|Healthcare|Climate Technology|Venture Capital|Private Equity|Startups","United States|Silicon Valley|San Francisco Bay Area","verified","verified","2026-08-11"
"ent_wells_fargo","Wells Fargo","wells-fargo","Organization","Banks","Investment Banks|Wealth Management","https://www.wellsfargo.com/","CEO|CFO","Banks|Investment Banks|Wealth Management","banks|investment-banks|wealth-management","","","","","capital-formation|deal-flow|decision-support","capital-strategy|private-markets|dealmaking","private-equity-leaders|founders","Healthcare|Technology Media and Telecom|Energy and Power|Financial Institutions|Industrials|Consumer and Retail","","unknown","verified","2026-08-11"
"ent_citizens_private_bank","Citizens Private Bank","citizens-private-bank","Organization","Banks","Wealth Management","https://www.citizensprivatebank.com/","CEO|CFO","Banks|Wealth Management","banks|wealth-management","","","","","decision-support|capital-formation","capital-strategy|private-markets","private-equity-leaders|venture-capital-investors|founders","Private Banking|Wealth Management|Private Equity|Venture Capital|Innovation Economy","United States","verified","verified","2026-08-11"
"ent_bmo","BMO","bmo","Organization","Banks","Investment Banks|Wealth Management","https://www.bmo.com/","CEO|CFO","Banks|Investment Banks|Wealth Management","banks|investment-banks|wealth-management","","","","","capital-formation|decision-support","capital-strategy|private-markets","","Banking|Financial Services|Technology|Healthcare|Real Estate|Energy|Consumer","","verified","verified","2026-08-11"
"ent_morgan_stanley","Morgan Stanley","morgan-stanley","Organization","Investment Banks","Wealth Management","https://www.morganstanley.com/","CEO|CFO|Board","Investment Banks|Wealth Management","investment-banks|wealth-management","","","","","capital-formation|decision-support|governance","capital-strategy|private-markets|corporate-governance","private-equity-leaders|venture-capital-investors","Financial Services|Investment Banking|Wealth Management|Investment Management|Capital Markets","United States|New York|London|Singapore","verified","verified","2026-08-11"
"ent_comerica","Comerica","comerica","Organization","Banks","Wealth Management","https://www.comerica.com/","CEO|CFO","Banks|Wealth Management","banks|wealth-management","","","","","capital-formation|decision-support|business-growth","capital-strategy|private-markets","founders|venture-capital-investors","Banking|Financial Services|Technology|Life Sciences|Real Estate|Energy|Small Business","","verified","verified","2026-08-11"
"ent_stifel","Stifel","stifel","Organization","Investment Banks","Wealth Management","https://www.stifel.com/","CEO|CFO","Investment Banks|Wealth Management","investment-banks|wealth-management","","","","","capital-formation|decision-support|deal-flow","capital-strategy|private-markets|dealmaking","","Investment Banking|Wealth Management|Capital Markets|Financial Services","United States|New York|London","verified","verified","2026-08-11"
"ent_deutsche_bank","Deutsche Bank","deutsche-bank","Organization","Banks","Investment Banks|Wealth Management","https://www.db.com/","CEO|CFO","Banks|Investment Banks|Wealth Management","banks|investment-banks|wealth-management","","","","","capital-formation|decision-support|risk-management","capital-strategy|private-markets","","Banking|Capital Markets|Asset Management|Wealth Management|Corporate Finance","United States|New York|London|Singapore","verified","verified","2026-08-11"
"ent_bny","BNY","bny","Organization","Banks","Wealth Management","https://www.bny.com/","CEO|CFO","Banks|Wealth Management","banks|wealth-management","","","","","capital-formation|decision-support","capital-strategy|private-markets","","Financial Services|Investment Management|Banking|Insurance|Retirement","United States|New York|London|Singapore","verified","verified","2026-08-11"
"ent_bernstein","Bernstein","bernstein","Organization","Wealth Management","Research Firms","https://www.bernstein.com/","CEO|CFO","Wealth Management|Research Firms","wealth-management|research-firms","","","","","strategic-insight|decision-support|capital-formation","capital-strategy|finance-leadership|corporate-strategy","","Financial Services","","unknown","verified","2026-08-12"
"ent_leader_bank","Leader Bank","leader-bank","Organization","Banks","","https://www.leaderbank.com/","CEO|CFO","Banks","banks","","","","","capital-formation|business-growth|decision-support","capital-strategy|growth","founders","Banking|Financial Services|Commercial Finance","United States","verified","verified","2026-08-11"
"ent_northwestern_mutual","Northwestern Mutual","northwestern-mutual","Organization","Insurance","Wealth Management","https://www.northwesternmutual.com/","CEO|CFO","Insurance|Wealth Management","insurance|wealth-management","","","","","strategic-insight|risk-management|capital-formation","capital-strategy|finance-leadership|risk","","Financial Services","United States","verified","verified","2026-08-12"
"ent_insight_partners","Insight Partners","insight-partners","Organization","Venture Capital","Growth Equity|Private Equity","https://www.insightpartners.com/","CEO|CFO|Board","Venture Capital|Growth Equity|Private Equity","venture-capital|growth-equity|private-equity","","","","","fundraising|portfolio-support|value-creation|portfolio-operations","venture-capital|private-equity|emerging-technology|value-creation","venture-capital-investors|private-equity-leaders|founders|portfolio-executives","Software|Artificial Intelligence|Cybersecurity|Fintech|Healthcare Technology|Enterprise Technology","United States|New York|London|Singapore","verified","verified","2026-08-11"
"ent_next47","Next47","next47","Organization","Venture Capital","","https://www.n47.com/","CEO|CFO|CTO","Venture Capital","venture-capital","","","","","fundraising|portfolio-support|value-creation","venture-capital|artificial-intelligence|cybersecurity|emerging-technology","venture-capital-investors|founders|portfolio-executives|ai-leaders","Enterprise Technology|Artificial Intelligence|Cybersecurity|Industrial Technology","","unknown","verified","2026-08-11"
"ent_westcap","WestCap","westcap","Organization","Growth Equity","Private Equity","https://www.westcap.com/","CEO|CFO|Board","Growth Equity|Private Equity","growth-equity|private-equity","","","","","portfolio-support|value-creation|portfolio-operations","private-equity|venture-capital|growth|value-creation","private-equity-leaders|venture-capital-investors|founders|portfolio-executives","Technology|Financial Technology|Real Estate Technology|Consumer|Healthcare","","unknown","verified","2026-08-12"
"ent_one_way_ventures","One Way Ventures","one-way-ventures","Organization","Venture Capital","","https://onewayvc.com/","CEO|CFO","Venture Capital","venture-capital","","","","","fundraising|portfolio-support|business-growth","venture-capital|artificial-intelligence|fundraising","venture-capital-investors|founders","Technology|Software|Artificial Intelligence|Fintech","","unknown","verified","2026-08-11"
"ent_chameleon_ventures","Chameleon Ventures","chameleon-ventures","Organization","Venture Capital","","https://www.chameleon.vc/","CEO|CFO","Venture Capital","venture-capital","","","","","fundraising|portfolio-support|business-growth","venture-capital|fundraising|growth","founders|venture-capital-investors","Technology","","unknown","verified","2026-08-12"
"ent_pier_70_ventures","Pier 70 Ventures","pier-70-ventures","Organization","Venture Capital","","https://www.pier70ventures.com/","CEO|CFO","Venture Capital","venture-capital","","","","","fundraising|portfolio-support|business-growth","venture-capital|fundraising|growth","founders|venture-capital-investors","Healthcare|Health Technology|Venture Capital","United States|New York|San Francisco Bay Area|Seattle","verified","verified","2026-08-11"
"ent_western_technology_investment","Western Technology Investment","western-technology-investment","Organization","Private Credit","Venture Debt","https://www.westerntech.com/","CEO|CFO","Private Credit|Venture Debt","private-credit|venture-debt","","","","","capital-formation|fundraising|business-growth","venture-capital|capital-strategy|private-markets","founders|venture-capital-investors","Technology|Life Sciences|Semiconductors|Enterprise Software|Fintech","","unknown","verified","2026-08-12"
"ent_avenue_capital_group","Avenue Capital Group","avenue-capital-group","Organization","Private Credit","","https://www.avenuecapital.com/","CEO|CFO","Private Credit","private-credit","","","","","capital-formation|decision-support|value-creation","private-markets|capital-strategy|private-equity","private-equity-leaders|general-partners|limited-partners","Technology|Life Sciences|Aviation|Energy|Real Estate","United States|New York|Silicon Valley","verified","verified","2026-08-11"
"ent_brighttower","BrightTower","brighttower","Organization","Investment Banks","M&A Advisors","https://www.brighttower.com/","CEO|CFO","Investment Banks|M&A Advisors","investment-banks|m-a-advisors","","","","","capital-formation|deal-flow|decision-support","dealmaking|capital-strategy|exits","founders|private-equity-leaders","Software|Technology-enabled Marketing|IT Business Services|Information Services","","unknown","verified","2026-08-11"
"ent_intrepid_investment_bankers","Intrepid Investment Bankers","intrepid-investment-bankers","Organization","Investment Banks","M&A Advisors","https://intrepidib.com/","CEO|CFO","Investment Banks|M&A Advisors","investment-banks|m-a-advisors","","","","","capital-formation|deal-flow|decision-support","dealmaking|capital-strategy|exits","founders|private-equity-leaders","Technology|Healthcare and Life Sciences|Consumer|Digital Media|Supply Chain and Logistics","United States|Los Angeles|San Francisco Bay Area|Chicago|New York","verified","verified","2026-08-11"
"ent_foley_lardner","Foley & Lardner","foley-lardner","Organization","Law Firms","","https://www.foley.com/","CEO|CFO|CLO|General Counsel","Law Firms","law-firms","","","","","governance|risk-management|decision-support","corporate-governance|risk|dealmaking","","Energy and Infrastructure|Healthcare and Life Sciences|Technology|Manufacturing|Consumer|Sports and Entertainment","United States","verified","verified","2026-08-11"
"ent_dla_piper","DLA Piper","dla-piper","Organization","Law Firms","","https://www.dlapiper.com/","CEO|CFO|CLO|General Counsel","Law Firms","law-firms","","","","","governance|risk-management|decision-support","corporate-governance|dealmaking|risk|cybersecurity","founders|private-equity-leaders|venture-capital-investors","Technology|Financial Services|Life Sciences|Healthcare|Energy|Consumer","United States|London|Singapore","verified","verified","2026-08-11"
"ent_simmons_simmons","Simmons & Simmons","simmons-simmons","Organization","Law Firms","","https://www.simmons-simmons.com/","CFO|CLO|General Counsel","Law Firms","law-firms","","","","","governance|risk-management|decision-support|fundraising","corporate-governance|dealmaking|risk|venture-capital","founders|venture-capital-investors|private-equity-leaders","Asset Management|Financial Institutions|Healthcare and Life Sciences|Technology Media and Telecommunications|Energy and Infrastructure","United States|London|Singapore","verified","verified","2026-08-11"
"ent_orrick","Orrick","orrick","Organization","Law Firms","","https://www.orrick.com/","CEO|CFO|CLO|General Counsel","Law Firms","law-firms","","","","","governance|risk-management|decision-support|fundraising","corporate-governance|dealmaking|risk|venture-capital","founders|venture-capital-investors","Technology|Energy and Infrastructure|Finance|Life Sciences and HealthTech","","verified","verified","2026-08-11"
"ent_harvey","Harvey","harvey","Organization","Legal Technology","Artificial Intelligence","https://www.harvey.ai/","CIO|CTO|CLO|General Counsel","Legal Technology|Artificial Intelligence","legal-technology|artificial-intelligence","","","","","transformation|operational-excellence|decision-support","artificial-intelligence|enterprise-ai|agentic-ai","ai-leaders","Professional Services|Financial Services","","unknown","verified","2026-08-12"
"ent_rsm_us","RSM US","rsm-us","Organization","Accounting","Consulting|Finance Advisory","https://rsmus.com/","CEO|CFO|CIO","Accounting|Consulting|Finance Advisory","accounting|consulting|finance-advisory","","","","","decision-support|risk-management|transformation|governance","finance-transformation|risk|corporate-governance","","Financial Services|Technology|Healthcare|Manufacturing|Consumer|Real Estate|Private Equity|Government","United States|Chicago","verified","verified","2026-08-11"
"ent_cfgi","CFGI","cfgi","Organization","Accounting","Finance Advisory|Consulting","https://www.cfgi.com/","CFO","Accounting|Finance Advisory|Consulting","accounting|finance-advisory|consulting","","","","","transformation|risk-management|decision-support","finance-transformation|risk|dealmaking","","Technology|Financial Services|Life Sciences|Consumer|Industrial","United States|Boston|New York|Chicago|San Francisco Bay Area|Los Angeles|Washington DC|London|Singapore","verified","verified","2026-08-11"
"ent_armanino","Armanino","armanino","Organization","Accounting","Finance Advisory|Consulting","https://www.armanino.com/","CEO|CFO|CIO","Accounting|Finance Advisory|Consulting","accounting|finance-advisory|consulting","","","","","decision-support|risk-management|transformation","finance-transformation|risk","","Technology|Manufacturing and Distribution|Consumer|Financial Services|Nonprofit|Real Estate|Professional Services|Life Sciences|Insurance|Healthcare","United States","verified","verified","2026-08-11"
"ent_protiviti","Protiviti","protiviti","Organization","Consulting","Finance Advisory|Cybersecurity","https://www.protiviti.com/","CFO|CIO|CISO","Consulting|Finance Advisory|Cybersecurity","consulting|finance-advisory|cybersecurity","","","","","risk-management|transformation|governance|decision-support","risk|cybersecurity|finance-transformation|corporate-governance","","Financial Services|Healthcare|Technology|Manufacturing|Consumer|Government|Energy|Private Equity","United States|New York|London|Singapore","verified","verified","2026-08-11"
"ent_frank_rimerman_co","Frank, Rimerman + Co.","frank-rimerman-co","Organization","Accounting","Finance Advisory","https://www.frankrimerman.com/","CEO|CFO","Accounting|Finance Advisory","accounting|finance-advisory","","","","","decision-support|risk-management|operational-excellence","finance-transformation|risk|capital-strategy","founders|venture-capital-investors","Technology|Venture Capital|Consumer|Real Estate|Professional Services","","unknown","verified","2026-08-11"
"ent_burkland","Burkland","burkland","Organization","Finance Advisory","Accounting","https://burklandassociates.com/","CEO|CFO","Finance Advisory|Accounting","finance-advisory|accounting","","","","","decision-support|operational-excellence|fundraising|business-growth","finance-transformation|fpa|fundraising","founders","Startups|Technology|Life Sciences|Consumer","","unknown","verified","2026-08-12"
"ent_danforth_advisors","Danforth Advisors","danforth-advisors","Organization","Finance Advisory","Accounting","https://danforthadvisors.com/","CEO|CFO","Finance Advisory|Accounting","finance-advisory|accounting","","","","","decision-support|operational-excellence|business-growth","finance-transformation|fpa|capital-strategy","founders","Life Sciences|Healthcare|Biotechnology","United States|New York|San Francisco Bay Area|London","verified","verified","2026-08-11"
"ent_escalon","Escalon","escalon","Organization","Finance Advisory","Accounting|HR Technology","https://escalon.services/","CEO|CFO|CHRO","Finance Advisory|Accounting|HR Technology","finance-advisory|accounting|hr-technology","","","","","operational-excellence|decision-support|business-growth","finance-transformation|fpa","founders","Startups|Small and Midsize Businesses|Technology|Professional Services|Nonprofit","United States","verified","verified","2026-08-11"
"ent_ghj","GHJ","ghj","Organization","Accounting","Finance Advisory","https://www.ghjadvisors.com/","CEO|CFO","Accounting|Finance Advisory","accounting|finance-advisory","","","","","decision-support|risk-management|operational-excellence","finance-transformation|risk|dealmaking","","Entertainment and Media|Food and Beverage|Nonprofit|Manufacturing|Real Estate","United States|Los Angeles|San Francisco Bay Area","verified","verified","2026-08-11"
"ent_era_group","ERA Group","era-group","Organization","Consulting","Finance Advisory","https://era.group/","CEO|CFO|COO","Consulting|Finance Advisory","consulting|finance-advisory","","","","","operational-excellence|transformation|decision-support","corporate-strategy|finance-transformation|risk","","Financial Services|Healthcare|Manufacturing|Technology|Professional Services","United States|London|Singapore","verified","verified","2026-08-12"
"ent_capgemini","Capgemini","capgemini","Organization","Consulting","Enterprise Technology|Artificial Intelligence|Cybersecurity","https://www.capgemini.com/","CEO|CFO|CIO|CTO|CISO","Consulting|Enterprise Technology|Artificial Intelligence|Cybersecurity","consulting|enterprise-technology|artificial-intelligence|cybersecurity","","","","","transformation|risk-management|decision-support","enterprise-ai|ai-transformation|cybersecurity|corporate-strategy","ai-leaders","Financial Services|Consumer Products|Energy|Healthcare|Life Sciences|Manufacturing|Public Sector|Technology and Telecommunications","United States|New York|London|Singapore","verified","verified","2026-08-11"
"ent_slalom","Slalom","slalom","Organization","Consulting","Enterprise Technology|Artificial Intelligence","https://www.slalom.com/","CEO|CFO|CIO|CTO","Consulting|Enterprise Technology|Artificial Intelligence","consulting|enterprise-technology|artificial-intelligence","","","","","transformation|operational-excellence|decision-support","enterprise-ai|ai-transformation|corporate-strategy","ai-leaders","Financial Services|Healthcare|Life Sciences|Manufacturing|Public Sector|Retail|Technology|Media and Telecommunications","United States|Seattle|London","verified","verified","2026-08-11"
"ent_cognizant","Cognizant","cognizant","Organization","Consulting","Enterprise Technology|Artificial Intelligence","https://www.cognizant.com/","CEO|CFO|CIO|CTO","Consulting|Enterprise Technology|Artificial Intelligence","consulting|enterprise-technology|artificial-intelligence","","","","","transformation|operational-excellence|decision-support","enterprise-ai|ai-transformation|corporate-strategy","ai-leaders","Banking|Healthcare|Life Sciences|Insurance|Manufacturing|Media|Retail|Technology","United States|New York|London|Singapore","verified","verified","2026-08-11"
"ent_zrg","ZRG","zrg","Organization","Executive Search","Consulting","https://www.zrgpartners.com/","CEO|CHRO|Board","Executive Search|Consulting","executive-search|consulting","","","","","talent|leadership-development|transformation","leadership|corporate-strategy","board-members|private-equity-leaders","consumer|education|nonprofit and social impact|financial services|healthcare and life sciences|industrial|media and entertainment|private equity|professional and technology services|real estate|sports music and entertainment|technology","United States|New York|Boston|Austin|Los Angeles|Chicago|Washington DC|London|Singapore","verified","verified","2026-08-11"
"ent_robert_half","Robert Half","robert-half","Organization","Recruiting","Consulting","https://www.roberthalf.com/","CFO|CIO|CHRO","Recruiting|Consulting","recruiting|consulting","","","","","talent|professional-development|operational-excellence","leadership|corporate-strategy","board-members","Accounting and Finance|Technology|Marketing and Creative|Legal|Administrative Support","","unknown","verified","2026-08-11"
"ent_findem","Findem","findem","Organization","HR Technology","Recruiting|Artificial Intelligence","https://www.findem.ai/","CHRO","HR Technology|Recruiting|Artificial Intelligence","hr-technology|recruiting|artificial-intelligence","","","","","talent|decision-support|operational-excellence","leadership|artificial-intelligence","","Human Resources|Talent Acquisition|Enterprise Technology","United States","verified","verified","2026-08-11"
"ent_rippling","Rippling","rippling","Organization","HR Technology","Enterprise Technology","https://www.rippling.com/","CFO|CIO|CHRO","HR Technology|Enterprise Technology","hr-technology|enterprise-technology","","","","","talent|operational-excellence|transformation","finance-transformation|leadership|enterprise-ai","","Technology|Financial Services","United States|San Francisco Bay Area|New York|Austin|Seattle|London|Singapore","verified","verified","2026-08-12"
"ent_deel","Deel","deel","Organization","HR Technology","","https://www.deel.com/","CFO|CHRO|CLO","HR Technology","hr-technology","","","","","talent|business-growth|operational-excellence","leadership|corporate-strategy","founders","Technology|Fintech|Gaming|Marketing and Advertising|Business Process Outsourcing|Energy","United States","verified","verified","2026-08-11"
"ent_lattice","Lattice","lattice","Organization","HR Technology","","https://lattice.com/","CHRO","HR Technology","hr-technology","","","","","talent|leadership-development|professional-development","leadership|artificial-intelligence","","","United States|San Francisco Bay Area|London","verified","verified","2026-08-11"
"ent_trinet","TriNet","trinet","Organization","HR Technology","","https://www.trinet.com/","CFO|CHRO","HR Technology","hr-technology","","","","","talent|business-growth|operational-excellence","leadership|corporate-strategy","founders","Small and Midsize Businesses|Technology|Financial Services|Life Sciences|Professional Services|Nonprofit","United States","verified","verified","2026-08-11"
"ent_insperity","Insperity","insperity","Organization","HR Technology","","https://www.insperity.com/","CFO|CHRO","HR Technology","hr-technology","","","","","talent|business-growth|operational-excellence","leadership|corporate-strategy","","Financial Services|Manufacturing|Professional Services|Technology|Healthcare|Nonprofit","United States","verified","verified","2026-08-11"
"ent_15five","15Five","15five","Organization","HR Technology","","https://www.15five.com/","CHRO","HR Technology","hr-technology","","","","","talent|leadership-development|professional-development","leadership","","","United States","verified","verified","2026-08-11"
"ent_optimhire","OptimHire","optimhire","Organization","Recruiting","HR Technology","https://optimhire.com/","CHRO|CTO","Recruiting|HR Technology","recruiting|hr-technology","","","","","talent|business-growth|operational-excellence","artificial-intelligence|leadership|growth","","Human Resources|Recruiting Technology|Artificial Intelligence","","verified","verified","2026-08-11"
"ent_coupa","Coupa","coupa","Organization","CFO Technology","Spend Management|Enterprise Technology","https://www.coupa.com/","CFO|COO","CFO Technology|Spend Management|Enterprise Technology","cfo-technology|spend-management|enterprise-technology","","","","","operational-excellence|transformation|decision-support","finance-transformation|corporate-strategy","","Enterprise Technology|Financial Services|Consumer Products|Healthcare|Manufacturing|Retail|Public Sector","United States|San Francisco Bay Area|London|Singapore","verified","verified","2026-08-11"
"ent_puzzle","Puzzle","puzzle","Organization","CFO Technology","Accounting Software","https://puzzle.io/","CFO","CFO Technology|Accounting Software","cfo-technology|accounting-software","","","","","operational-excellence|decision-support|transformation","finance-transformation|fpa","founders","Startups|Small and Midsize Businesses|Accounting Firms","United States","verified","verified","2026-08-11"
"ent_tesorio","Tesorio","tesorio","Organization","CFO Technology","Treasury Technology","https://www.tesorio.com/","CFO","CFO Technology|Treasury Technology","cfo-technology|treasury-technology","","","","","operational-excellence|decision-support|transformation","finance-transformation|fpa","","Enterprise Finance|Accounts Receivable|Technology","","unknown","verified","2026-08-11"
"ent_vic_ai","Vic.ai","vic-ai","Organization","CFO Technology","Artificial Intelligence|Accounting Software","https://www.vic.ai/","CFO","CFO Technology|Artificial Intelligence|Accounting Software","cfo-technology|artificial-intelligence|accounting-software","","","","","operational-excellence|decision-support|transformation","finance-transformation|enterprise-ai|agentic-ai","ai-leaders","Enterprise Finance|Accounting|Technology","","unknown","verified","2026-08-11"
"ent_ramp","Ramp","ramp","Organization","CFO Technology","Spend Management|Fintech","https://ramp.com/","CFO","CFO Technology|Spend Management|Fintech","cfo-technology|spend-management|fintech","","","","","operational-excellence|transformation|decision-support","finance-transformation|fpa|artificial-intelligence","","","","unknown","verified","2026-08-11"
"ent_brex","Brex","brex","Organization","CFO Technology","Spend Management|Fintech","https://www.brex.com/","CFO","CFO Technology|Spend Management|Fintech","cfo-technology|spend-management|fintech","","","","","operational-excellence|transformation|decision-support","finance-transformation|artificial-intelligence","founders","","","unknown","verified","2026-08-11"
"ent_plaid","Plaid","plaid","Organization","Fintech","Payments|Enterprise Technology","https://plaid.com/","CFO|CIO|CTO","Fintech|Payments|Enterprise Technology","fintech|payments|enterprise-technology","","","","","transformation|risk-management|operational-excellence","finance-transformation|identity","","Fintech|Banking|Payments|Lending|Wealth Management","United States|New York|London","verified","verified","2026-08-11"
"ent_anrok","Anrok","anrok","Organization","CFO Technology","Tax Technology","https://www.anrok.com/","CFO","CFO Technology|Tax Technology","cfo-technology|tax-technology","","","","","operational-excellence|risk-management|business-growth","finance-transformation|risk","founders","","United States","verified","verified","2026-08-11"
"ent_blackline","BlackLine","blackline","Organization","CFO Technology","Accounting Software","https://www.blackline.com/","CFO","CFO Technology|Accounting Software","cfo-technology|accounting-software","","","","","operational-excellence|transformation|decision-support","finance-transformation|fpa","","Enterprise Finance|Accounting|Financial Services|Technology","United States|Los Angeles|London","verified","verified","2026-08-11"
"ent_pilot","Pilot","pilot","Organization","Accounting","Finance Advisory|CFO Technology","https://pilot.com/","CEO|CFO","Accounting|Finance Advisory|CFO Technology","accounting|finance-advisory|cfo-technology","","","","","decision-support|operational-excellence|fundraising|business-growth","finance-transformation|fpa|fundraising","founders","Startups|Healthcare and Medtech|Small Businesses|Professional Services|Consumer and Retail|Nonprofit","United States","verified","verified","2026-08-11"
"ent_rillet","Rillet","rillet","Organization","CFO Technology","Accounting Software","https://www.rillet.com/","CFO","CFO Technology|Accounting Software","cfo-technology|accounting-software","","","","","operational-excellence|decision-support|transformation","finance-transformation|fpa|enterprise-ai","","Enterprise Finance|Accounting|SaaS|Technology","United States","verified","verified","2026-08-11"
"ent_zenskar","Zenskar","zenskar","Organization","CFO Technology","Accounting Software","https://www.zenskar.com/","CFO","CFO Technology|Accounting Software","cfo-technology|accounting-software","","","","","operational-excellence|transformation|decision-support","finance-transformation|fpa","","SaaS|Cloud Infrastructure|Financial Technology|Artificial Intelligence","United States|New York","verified","verified","2026-08-12"
"ent_bill","BILL","bill","Organization","CFO Technology","Spend Management|Payments","https://www.bill.com/","CFO","CFO Technology|Spend Management|Payments","cfo-technology|spend-management|payments","","","","","operational-excellence|transformation|decision-support","finance-transformation|fpa|artificial-intelligence","","","","unknown","verified","2026-08-11"
"ent_carta","Carta","carta","Organization","Equity Management","Private Market Infrastructure|CFO Technology","https://carta.com/","CEO|CFO|CLO","Equity Management|Private Market Infrastructure|CFO Technology","equity-management|private-market-infrastructure|cfo-technology","","","","","decision-support|capital-formation","private-markets|capital-strategy","founders|venture-capital-investors|private-equity-leaders","Private Markets|Venture Capital|Private Equity|Startups","United States|San Francisco Bay Area|London|Singapore","verified","verified","2026-08-11"
"ent_mercury","Mercury","mercury","Organization","Banking Platforms","Fintech|Treasury Technology","https://mercury.com/","CEO|CFO","Banking Platforms|Fintech|Treasury Technology","banking-platforms|fintech|treasury-technology","","","","","operational-excellence|decision-support|business-growth","finance-transformation|capital-strategy|growth","founders","Fintech|Financial Services|Technology","","unknown","verified","2026-08-12"
"ent_rho","Rho","rho","Organization","Banking Platforms","Fintech|Spend Management","https://www.rho.co/","CFO","Banking Platforms|Fintech|Spend Management","banking-platforms|fintech|spend-management","","","","","operational-excellence|decision-support|capital-formation","finance-transformation|capital-strategy","founders","Fintech|Financial Services","","unknown","verified","2026-08-12"
"ent_payzen","PayZen","payzen","Organization","Fintech","Payments","https://payzen.com/","CFO","Fintech|Payments","fintech|payments","","","","","transformation|operational-excellence|decision-support","finance-transformation|artificial-intelligence","","Healthcare|Financial Services|Fintech|Payments","","unknown","verified","2026-08-11"
"ent_zeni","Zeni","zeni","Organization","CFO Technology","Accounting|Artificial Intelligence","https://www.zeni.ai/","CEO|CFO","CFO Technology|Accounting|Artificial Intelligence","cfo-technology|accounting|artificial-intelligence","","","","","operational-excellence|decision-support|transformation","finance-transformation|fpa|artificial-intelligence","founders","Fintech|Financial Services|Technology","United States","verified","verified","2026-08-12"
"ent_xero","Xero","xero","Organization","Accounting Software","CFO Technology","https://www.xero.com/","CFO","Accounting Software|CFO Technology","accounting-software|cfo-technology","","","","","operational-excellence|decision-support|transformation","finance-transformation|fpa|artificial-intelligence","","Financial Services|Fintech|Technology","","unknown","verified","2026-08-12"
"ent_intuit","Intuit","intuit","Organization","Accounting Software","Tax Technology|Fintech","https://www.intuit.com/","CFO|CMO","Accounting Software|Tax Technology|Fintech","accounting-software|tax-technology|fintech","","","","","operational-excellence|transformation|business-growth","finance-transformation|artificial-intelligence|customer-acquisition","","Financial Services|Fintech|Technology","United States|London","verified","verified","2026-08-12"
"ent_stripe","Stripe","stripe","Organization","Payments","Fintech|Enterprise Technology","https://stripe.com/","CFO|CIO|CTO","Payments|Fintech|Enterprise Technology","payments|fintech|enterprise-technology","","","","","operational-excellence|business-growth|transformation","finance-transformation|growth|artificial-intelligence","","Financial Services|Fintech|Technology","United States|San Francisco Bay Area|London|Singapore","verified","verified","2026-08-12"
"ent_pulley","Pulley","pulley","Organization","Equity Management","CFO Technology","https://pulley.com/","CEO|CFO|CLO","Equity Management|CFO Technology","equity-management|cfo-technology","","","","","capital-formation|governance|decision-support","capital-strategy|finance-transformation|fundraising","founders","Financial Services|Fintech|Technology","","unknown","verified","2026-08-12"
"ent_hiive","Hiive","hiive","Organization","Private Market Infrastructure","Fintech","https://www.hiive.com/","CFO","Private Market Infrastructure|Fintech","private-market-infrastructure|fintech","","","","","deal-flow|decision-support|capital-formation","private-markets|venture-capital|dealmaking","venture-capital-investors|private-equity-leaders|founders|general-partners|limited-partners","Private Markets|Financial Services|Fintech|Venture Capital","","unknown","verified","2026-08-11"
"ent_sharevault","ShareVault","sharevault","Organization","Private Market Infrastructure","Enterprise Technology","https://www.sharevault.com/","CFO|CLO|General Counsel","Private Market Infrastructure|Enterprise Technology","private-market-infrastructure|enterprise-technology","","","","","governance|risk-management|collaboration","private-markets|dealmaking|corporate-governance","","Life Sciences|Financial Services|Professional Services|Real Estate","","unknown","verified","2026-08-12"
"ent_microsoft","Microsoft","microsoft","Organization","Enterprise Technology","Artificial Intelligence|AI Infrastructure|Cybersecurity","https://www.microsoft.com/","CEO|CFO|CIO|CTO|CISO","Enterprise Technology|Artificial Intelligence|AI Infrastructure|Cybersecurity","enterprise-technology|artificial-intelligence|ai-infrastructure|cybersecurity","","","","","transformation|risk-management|operational-excellence","artificial-intelligence|enterprise-ai|cybersecurity|ai-transformation","ai-leaders","Technology|Financial Services|Healthcare|Manufacturing|Retail|Government|Education","United States|Seattle|New York|London|Singapore","verified","verified","2026-08-11"
"ent_nvidia","NVIDIA","nvidia","Organization","AI Infrastructure","Artificial Intelligence|Enterprise Technology","https://www.nvidia.com/","CIO|CTO","AI Infrastructure|Artificial Intelligence|Enterprise Technology","ai-infrastructure|artificial-intelligence|enterprise-technology","","","","","transformation|operational-excellence|strategic-insight","artificial-intelligence|enterprise-ai|emerging-technology|agentic-ai","ai-leaders","Artificial Intelligence|Data Centers|Gaming|Professional Visualization|Automotive","","unknown","verified","2026-08-11"
"ent_intel","Intel","intel","Organization","Enterprise Technology","AI Infrastructure","https://www.intel.com/","CIO|CTO","Enterprise Technology|AI Infrastructure","enterprise-technology|ai-infrastructure","","","","","transformation|operational-excellence|strategic-insight","artificial-intelligence|enterprise-ai|emerging-technology","ai-leaders","Semiconductors|Data Centers|Personal Computing|Artificial Intelligence|Networking","","unknown","verified","2026-08-11"
"ent_databricks","Databricks","databricks","Organization","Enterprise Technology","Artificial Intelligence|AI Infrastructure","https://www.databricks.com/","CIO|CTO","Enterprise Technology|Artificial Intelligence|AI Infrastructure","enterprise-technology|artificial-intelligence|ai-infrastructure","","","","","transformation|operational-excellence|decision-support|governance","enterprise-ai|ai-transformation|agentic-ai","ai-leaders","","United States|San Francisco Bay Area","verified","verified","2026-08-11"
"ent_writer","Writer","writer","Organization","Artificial Intelligence","Enterprise Technology","https://writer.com/","CIO|CTO","Artificial Intelligence|Enterprise Technology","artificial-intelligence|enterprise-technology","","","","","transformation|governance|operational-excellence","enterprise-ai|agentic-ai|ai-governance|ai-transformation","ai-leaders","Financial Services|Healthcare|Technology|Retail","San Francisco Bay Area|New York|London|Chicago|Austin","verified","verified","2026-08-11"
"ent_scale_ai","Scale AI","scale-ai","Organization","Artificial Intelligence","AI Infrastructure","https://scale.com/","CIO|CTO","Artificial Intelligence|AI Infrastructure","artificial-intelligence|ai-infrastructure","","","","","transformation|operational-excellence|decision-support","artificial-intelligence|enterprise-ai|ai-transformation|agentic-ai","ai-leaders","Technology|Government|Defense|Automotive|Financial Services","","unknown","verified","2026-08-11"
"ent_glean","Glean","glean","Organization","Artificial Intelligence","Enterprise Technology","https://www.glean.com/","CIO|CTO","Artificial Intelligence|Enterprise Technology","artificial-intelligence|enterprise-technology","","","","","transformation|operational-excellence|decision-support","enterprise-ai|agentic-ai|ai-transformation","ai-leaders","","United States|San Francisco Bay Area|Silicon Valley","verified","verified","2026-08-11"
"ent_servicenow","ServiceNow","servicenow","Organization","Enterprise Technology","Artificial Intelligence","https://www.servicenow.com/","CIO|CTO|CISO|COO","Enterprise Technology|Artificial Intelligence","enterprise-technology|artificial-intelligence","","","","","transformation|operational-excellence|risk-management","enterprise-ai|ai-transformation|cybersecurity|risk","ai-leaders","Financial Services|Healthcare|Government|Manufacturing|Technology|Telecommunications|Retail","United States|Silicon Valley|San Francisco Bay Area|London|Singapore","verified","verified","2026-08-11"
"ent_centific","Centific","centific","Organization","Artificial Intelligence","Consulting|Enterprise Technology","https://www.centific.com/","CIO|CTO","Artificial Intelligence|Consulting|Enterprise Technology","artificial-intelligence|consulting|enterprise-technology","","","","","transformation|operational-excellence|decision-support","artificial-intelligence|enterprise-ai|ai-transformation","ai-leaders","","United States|Seattle|Singapore","verified","verified","2026-08-11"
"ent_you_com","You.com","you-com","Organization","Artificial Intelligence","","https://you.com/","CIO|CTO","Artificial Intelligence","artificial-intelligence","","","","","transformation|decision-support|operational-excellence","enterprise-ai|agentic-ai|artificial-intelligence","ai-leaders","Artificial Intelligence|Enterprise Technology|Search Infrastructure","","unknown","verified","2026-08-11"
"ent_granica","Granica","granica","Organization","AI Infrastructure","Artificial Intelligence","https://granica.ai/","CIO|CTO|CISO","AI Infrastructure|Artificial Intelligence","ai-infrastructure|artificial-intelligence","","","","","transformation|risk-management|operational-excellence","artificial-intelligence|enterprise-ai|ai-governance","ai-leaders","Artificial Intelligence|Technology","","unknown","verified","2026-08-12"
"ent_gumloop","Gumloop","gumloop","Organization","Artificial Intelligence","Enterprise Technology","https://www.gumloop.com/","CIO|CTO|COO","Artificial Intelligence|Enterprise Technology","artificial-intelligence|enterprise-technology","","","","","transformation|operational-excellence|business-growth","artificial-intelligence|agentic-ai|ai-transformation","ai-leaders","Artificial Intelligence|Technology","","unknown","verified","2026-08-12"
"ent_compose_ai","Compose AI","compose-ai","Organization","Artificial Intelligence","","https://www.compose.ai/","CIO|CTO","Artificial Intelligence","artificial-intelligence","","","","","transformation|operational-excellence","artificial-intelligence|enterprise-ai","ai-leaders","Artificial Intelligence|Productivity Software","","unknown","verified","2026-08-12"
"ent_applitools","Applitools","applitools","Organization","Enterprise Technology","Artificial Intelligence","https://applitools.com/","CIO|CTO","Enterprise Technology|Artificial Intelligence","enterprise-technology|artificial-intelligence","","","","","","","","Software Development|Quality Assurance|Artificial Intelligence","","unknown","verified","2026-08-11"
"ent_adaptive_security","Adaptive Security","adaptive-security","Organization","AI Security","Cybersecurity","https://www.adaptivesecurity.com/","CISO","AI Security|Cybersecurity","ai-security|cybersecurity","","","","","risk-management|governance|professional-development","ai-security|cybersecurity|ai-governance|risk","ai-leaders","Financial Services|Technology|Government|Healthcare","United States","verified","verified","2026-08-12"
"ent_witnessai","WitnessAI","witnessai","Organization","AI Security","Cybersecurity|Artificial Intelligence","https://witness.ai/","CISO|CIO","AI Security|Cybersecurity|Artificial Intelligence","ai-security|cybersecurity|artificial-intelligence","","","","","risk-management|governance|operational-excellence","ai-security|ai-governance|cybersecurity|agent-governance","ai-leaders","","","unknown","verified","2026-08-11"
"ent_airmdr","AirMDR","airmdr","Organization","Cybersecurity","AI Security","https://www.airmdr.com/","CISO","Cybersecurity|AI Security","cybersecurity|ai-security","","","","","risk-management|operational-excellence","cybersecurity|ai-security","ai-leaders","Cybersecurity|Small and Midsize Enterprises|Enterprise Technology","United States|San Francisco Bay Area","verified","verified","2026-08-12"
"ent_resemble_ai","Resemble AI","resemble-ai","Organization","Artificial Intelligence","AI Security","https://www.resemble.ai/","CIO|CTO|CISO","Artificial Intelligence|AI Security","artificial-intelligence|ai-security","","","","","risk-management|transformation|governance","artificial-intelligence|ai-security|identity","ai-leaders","Artificial Intelligence|Cybersecurity|Media|Financial Services","","unknown","verified","2026-08-12"
"ent_lockton","Lockton","lockton","Organization","Insurance","Consulting","https://global.lockton.com/","CEO|CFO|CHRO","Insurance|Consulting","insurance|consulting","","","","","risk-management|talent|decision-support","risk|leadership","","Financial Services|Healthcare|Technology|Construction|Energy","","unknown","verified","2026-08-11"
"ent_heffernan_insurance_brokers","Heffernan Insurance Brokers","heffernan-insurance-brokers","Organization","Insurance","","https://www.heffins.com/","CEO|CFO|CHRO","Insurance","insurance","","","","","risk-management|talent|decision-support","risk|leadership","","Professional Services|Technology|Healthcare|Construction|Nonprofit","United States|London","verified","verified","2026-08-11"
"ent_pitchbook","PitchBook","pitchbook","Organization","Research Firms","Private Market Infrastructure","https://pitchbook.com/","CEO|CFO","Research Firms|Private Market Infrastructure","research-firms|private-market-infrastructure","","","industry-intelligence|research-report|market-map|trends-research","","decision-support|deal-flow|strategic-insight","private-markets|venture-capital|private-equity|dealmaking","private-equity-leaders|venture-capital-investors|general-partners|limited-partners","Private Equity|Venture Capital|Mergers and Acquisitions|Private Credit|Capital Markets","United States|Seattle|San Francisco Bay Area|New York|London","verified","verified","2026-08-11"
"ent_hfs_research","HFS Research","hfs-research","Organization","Research Firms","Analyst Firms","https://www.hfsresearch.com/","CEO|CIO|CTO","Research Firms|Analyst Firms","research-firms|analyst-firms","","","executive-research|research-report|industry-intelligence|trends-research|executive-insights","guide|benchmarking-tool","strategic-insight|decision-support|transformation","enterprise-ai|corporate-strategy|emerging-technology","","Financial Services|Manufacturing|Enterprise Technology|Business Services","","unknown","verified","2026-08-11"
"ent_association_for_corporate_growth","Association for Corporate Growth","association-for-corporate-growth","Organization","Professional Associations","Executive Communities","https://www.acg.org/","CEO|CFO","Professional Associations|Executive Communities","professional-associations|executive-communities","executive-community|executive-network|membership-organization","executive-event|conference|networking-event","industry-intelligence|executive-insights","","executive-networking|deal-flow|business-growth","dealmaking|private-equity|growth","private-equity-leaders|general-partners|limited-partners","Middle-Market M&A|Private Equity|Corporate Development|Financial Services|Professional Services","United States|London","verified","verified","2026-08-11"
"ent_young_entrepreneur_council","Young Entrepreneur Council","young-entrepreneur-council","Organization","Executive Communities","Professional Associations","https://yec.co/","CEO","Executive Communities|Professional Associations","executive-communities|professional-associations","executive-community|executive-network|peer-network|membership-organization","executive-dinner|networking-event|peer-event","","playbook|toolkit","executive-networking|peer-learning|business-growth|collaboration","leadership|growth","founders","Entrepreneurship|Cross-industry","United States","verified","verified","2026-08-11"
"ent_opal_group","Opal Group","opal-group","Organization","Conferences","","https://opalgroup.net/","CEO|CFO","Conferences","conferences","","conference|executive-summit|panel|workshop|roundtable|networking-event|fireside-chat","executive-insights|industry-intelligence","","executive-networking|peer-learning|strategic-insight|deal-flow","private-markets|private-equity|leadership|artificial-intelligence","private-equity-leaders|general-partners|limited-partners|board-members","Financial Services|Healthcare|Life Sciences|Technology|Human Resources|Facilities Management","United States|New York|London","verified","verified","2026-08-11"
"ent_hacker_dojo","Hacker Dojo","hacker-dojo","Organization","Executive Communities","","https://hackerdojo.org/","CEO|CTO","Executive Communities","executive-communities","","","","","","","","","","unknown","verified","2026-08-11"
"ent_openwater","OpenWater","openwater","Organization","Events Technology","Enterprise Technology","https://www.getopenwater.com/","CIO|COO","Events Technology|Enterprise Technology","events-technology|enterprise-technology","","","","","","","","","","unknown","verified","2026-08-11"
"ent_mastercard","Mastercard","mastercard","Organization","Payments","Fintech|Cybersecurity","https://www.mastercard.com/","CFO|CIO|CISO","Payments|Fintech|Cybersecurity","payments|fintech|cybersecurity","","","","","operational-excellence|risk-management|business-growth","finance-transformation|cybersecurity|growth","","Financial Services|Fintech","United States|New York|London|Singapore","verified","verified","2026-08-12"
"ent_affirm","Affirm","affirm","Organization","Fintech","Payments","https://www.affirm.com/","CFO","Fintech|Payments","fintech|payments","","","","","business-growth|transformation|operational-excellence","finance-transformation|artificial-intelligence|customer-acquisition","","Financial Services|Fintech|Payments|Retail","United States|San Francisco Bay Area","verified","verified","2026-08-11"
"ent_pipe","Pipe","pipe","Organization","Fintech","Private Credit","https://pipe.com/","CEO|CFO","Fintech|Private Credit","fintech|private-credit","","","","","","","","Financial Services|Fintech|Embedded Finance|Small Business","United States|San Francisco Bay Area|New York","verified","verified","2026-08-11"
"ent_signeasy","Signeasy","signeasy","Organization","Legal Technology","Enterprise Technology","https://signeasy.com/","CIO|CLO|General Counsel|COO","Legal Technology|Enterprise Technology","legal-technology|enterprise-technology","","","","","operational-excellence|governance|transformation","corporate-governance|artificial-intelligence","","Professional Services|Technology","","unknown","verified","2026-08-12"
"ent_hg_insights","HG Insights","hg-insights","Organization","Research Firms","Enterprise Technology","https://hginsights.com/","CMO|CIO","Research Firms|Enterprise Technology","research-firms|enterprise-technology","","","","","","","","Business Intelligence|Enterprise Software|Artificial Intelligence|Sales Technology","","unknown","verified","2026-08-11"
"ent_altair_capital","AltaIR Capital","altair-capital","Organization","Venture Capital","Early-Stage Venture Capital","https://altair.vc/","CEO|CFO","Venture Capital|Early-Stage Venture Capital","venture-capital|early-stage-venture-capital","","","","","fundraising|portfolio-support|business-growth","venture-capital|artificial-intelligence|emerging-technology|ai-investing","venture-capital-investors|founders|ai-leaders","Software|Artificial Intelligence|SaaS|Fintech|Insurtech|Digital Health|Future of Work|HR Technology","United States","verified","verified","2026-08-11"
"ent_bdev_ventures","BDEV Ventures","bdev-ventures","Organization","Venture Capital","","https://bdevventures.com/","CEO|CFO","Venture Capital","venture-capital","","","","","fundraising|portfolio-support|business-growth|value-creation","venture-capital|growth|go-to-market|fundraising","venture-capital-investors|founders|portfolio-executives","B2B Software|SaaS|Technology","United States|Silicon Valley|San Francisco Bay Area","verified","verified","2026-08-11"
"ent_ironarc_ventures","IronArc Ventures","ironarc-ventures","Organization","Venture Capital","","https://ironarcventures.com/","CEO|CFO","Venture Capital","venture-capital","","","","","fundraising|portfolio-support|value-creation","venture-capital|artificial-intelligence|emerging-technology|ai-investing","venture-capital-investors|founders|ai-leaders|portfolio-executives","Artificial Intelligence|AI Infrastructure|Defense Technology|Industrial Technology","United States|Silicon Valley|San Francisco Bay Area","verified","verified","2026-08-11"
"ent_nanostar_ventures","Nanostar Ventures","nanostar-ventures","Organization","Venture Capital","Early-Stage Venture Capital","https://nanostar.vc/","CEO|CFO|CTO","Venture Capital|Early-Stage Venture Capital","venture-capital|early-stage-venture-capital","","","","","fundraising|portfolio-support|business-growth","venture-capital|artificial-intelligence|emerging-technology","founders|venture-capital-investors","Technology|Artificial Intelligence|Healthcare","","unknown","verified","2026-08-12"
"ent_verano_capital_partners","Verano Capital Partners","verano-capital-partners","Organization","Investment Advisory","","https://veranocapitalpartners.com/","CEO|CFO","Investment Advisory","investment-advisory","","","","","capital-formation|strategic-insight|business-growth","capital-strategy|corporate-strategy|growth","","Financial Services|Professional Services|Technology|Consumer Brands","","unknown","high confidence","2026-08-11"
"ent_capital_ip_investment_partners","Capital IP Investment Partners","capital-ip-investment-partners","Organization","Venture Capital","Investment Banks|M&A Advisors","https://capitalip.com/","CEO|CFO","Venture Capital|Investment Banks|M&A Advisors","venture-capital|investment-banks|m-a-advisors","","","","","capital-formation|fundraising|value-creation","venture-capital|capital-strategy|dealmaking","founders|venture-capital-investors","Technology|Financial Services","","unknown","verified","2026-08-12"
"ent_indian_hills_advisors","Indian Hills Advisors","indian-hills-advisors","Organization","M&A Advisors","Investment Banks","https://indianhillsadvisors.com/","CEO|CFO","M&A Advisors|Investment Banks","m-a-advisors|investment-banks","","","","","capital-formation","dealmaking","","","","unknown","needs verification","2026-08-11"
"ent_transacta_capital","Transacta Capital","transacta-capital","Organization","M&A Advisors","","https://transactacapital.com/","CEO|CFO","M&A Advisors","m-a-advisors","","","","","deal-flow|business-growth|decision-support|value-creation","dealmaking|growth|corporate-strategy|exits","founders|private-equity-leaders|portfolio-executives","Technology|IT Services|SaaS|Cybersecurity|Data and Analytics","United States|New York","verified","verified","2026-08-11"
"ent_oguz_law","Oguz Law","oguz-law","Organization","Law Firms","","https://oguz.law/","CLO|General Counsel","Law Firms","law-firms","","","","","governance|risk-management|fundraising|decision-support","corporate-governance|venture-capital|fundraising|dealmaking|risk","founders|venture-capital-investors","Technology|Startups|Professional Services","United States|San Francisco Bay Area","verified","verified","2026-08-11"
"ent_paygentic","Paygentic","paygentic","Organization","CFO Technology","Fintech","https://paygentic.com/","CFO","CFO Technology|Fintech","cfo-technology|fintech","","","","","operational-excellence|transformation","finance-transformation","","","","unknown","verified","2026-08-11"
"ent_finrep","Finrep","finrep","Organization","CFO Technology","Artificial Intelligence|Accounting Software","https://finrep.ai/","CFO","CFO Technology|Artificial Intelligence|Accounting Software","cfo-technology|artificial-intelligence|accounting-software","","","","","operational-excellence|governance|decision-support","finance-transformation|fpa|artificial-intelligence","","Financial Reporting|Accounting Technology|Artificial Intelligence|Regulatory Technology","","unknown","verified","2026-08-11"
"ent_thinkingai","ThinkingAI","thinkingai","Organization","Artificial Intelligence","AI Agents|Enterprise Automation","https://thinkingai.io/","CEO|CMO|CIO|CTO|COO","Artificial Intelligence|AI Agents|Enterprise Automation","artificial-intelligence|ai-agents|enterprise-automation","","","","","transformation|governance|operational-excellence","artificial-intelligence|agentic-ai|ai-governance","ai-leaders","Artificial Intelligence|Technology","","unknown","verified","2026-08-12"
"ent_qognitive","Qognitive","qognitive","Organization","Artificial Intelligence","Machine Learning","https://qognitive.io/","CIO|CTO","Artificial Intelligence|Machine Learning","artificial-intelligence|machine-learning","","","","","strategic-insight|decision-support|transformation","artificial-intelligence|enterprise-ai|corporate-strategy","ai-leaders","Artificial Intelligence|Technology","","unknown","verified","2026-08-12"
"ent_contextqa","ContextQA","contextqa","Organization","Artificial Intelligence","Enterprise Technology","https://contextqa.com/","CIO|CTO","Artificial Intelligence|Enterprise Technology","artificial-intelligence|enterprise-technology","","","","","operational-excellence|transformation|risk-management","artificial-intelligence|enterprise-ai","ai-leaders","Software Development|Quality Assurance|Artificial Intelligence","United States|San Francisco Bay Area","verified","verified","2026-08-12"
"ent_herculesai","HerculesAI","herculesai","Organization","Artificial Intelligence","Enterprise Technology","https://hercules.ai/","CIO|CTO|COO","Artificial Intelligence|Enterprise Technology","artificial-intelligence|enterprise-technology","","","","","transformation|operational-excellence|decision-support","artificial-intelligence|enterprise-ai|agentic-ai|finance-transformation","ai-leaders","Professional Services|Financial Services","","unknown","verified","2026-08-12"
"ent_atlas_cloud_ai","Atlas Cloud AI","atlas-cloud-ai","Organization","AI Infrastructure","Artificial Intelligence","https://atlascloud.ai/","CIO|CTO","AI Infrastructure|Artificial Intelligence","ai-infrastructure|artificial-intelligence","","","","","","","","Artificial Intelligence|Cloud Computing|Developer Tools|Media Technology","","unknown","verified","2026-08-11"
"ent_agentic_fabriq","Agentic Fabriq","agentic-fabriq","Organization","AI Security","Agent Identity|Identity and Access Management|AI Infrastructure","https://agenticfabriq.com/","CISO|CIO|CTO","AI Security|Agent Identity|Identity and Access Management|AI Infrastructure","ai-security|agent-identity|identity-and-access-management|ai-infrastructure","","","","","","","","","","unknown","verified","2026-08-11"
"ent_axari_technologies_inc","Axari Technologies, Inc.","axari-technologies-inc","Organization","Cybersecurity","AI Security|GRC Automation|AI Agents","https://axari.ai/","CISO|CIO","Cybersecurity|AI Security|GRC Automation|AI Agents","cybersecurity|ai-security|grc-automation|ai-agents","","","","","risk-management|governance|operational-excellence","ai-security|agent-governance|cybersecurity|enterprise-ai","ai-leaders","Cybersecurity|Information Technology","","unknown","verified","2026-08-11"
"ent_harden","Harden","harden","Organization","AI Security","Application Security|Runtime Security|Cybersecurity","https://harden.run/","CISO|CTO|CIO","AI Security|Application Security|Runtime Security|Cybersecurity","ai-security|application-security|runtime-security|cybersecurity","","","","","risk-management|governance|operational-excellence","ai-security|agent-governance|cybersecurity|enterprise-ai","ai-leaders","Artificial Intelligence|Cybersecurity|Enterprise Software","","unknown","verified","2026-08-11"
"ent_tenet_security","Tenet Security","tenet-security","Organization","AI Security","Runtime Security|Cybersecurity","https://tenetsecurity.ai/","CISO|CTO|CIO","AI Security|Runtime Security|Cybersecurity","ai-security|runtime-security|cybersecurity","","","","","risk-management|governance|operational-excellence","ai-security|agent-governance|cybersecurity","ai-leaders","Cybersecurity|Artificial Intelligence|Financial Services|Legal Services","United States","verified","verified","2026-08-11"
"ent_909cyber","909Cyber","909cyber","Organization","Cybersecurity","Consulting","https://909cyber.com/","CISO","Cybersecurity|Consulting","cybersecurity|consulting","","","","","risk-management|governance|operational-excellence","cybersecurity|ai-security|risk","ai-leaders","Cybersecurity|Professional Services","United States|San Francisco Bay Area","verified","verified","2026-08-11"
"ent_aegisai","AegisAI","aegisai","Organization","Email Security","AI Security|Cybersecurity","https://aegisai.ai/","CISO|CIO","Email Security|AI Security|Cybersecurity","email-security|ai-security|cybersecurity","","","","","risk-management|governance|operational-excellence","cybersecurity|ai-security|artificial-intelligence","ai-leaders","Cybersecurity|Artificial Intelligence|Technology","","unknown","verified","2026-08-12"
"ent_secure_octane_investments","Secure Octane Investments","secure-octane-investments","Organization","Venture Capital","","https://secureoctane.com/","CEO|CFO","Venture Capital","venture-capital","","","","","fundraising|portfolio-support|value-creation","venture-capital|cybersecurity|ai-investing","founders|venture-capital-investors","Cybersecurity|Artificial Intelligence|Cloud Computing|Venture Capital","United States","verified","verified","2026-08-11"
"ent_agentrys","Agentrys","agentrys","Organization","Artificial Intelligence","AI Agents|Semiconductor Technology|Electronic Design Automation","https://agentrys.ai/","CTO|CIO","Artificial Intelligence|AI Agents|Semiconductor Technology|Electronic Design Automation","artificial-intelligence|ai-agents|semiconductor-technology|electronic-design-automation","","","","","transformation|operational-excellence","artificial-intelligence|agentic-ai|emerging-technology","ai-leaders","Technology|Artificial Intelligence","","unknown","verified","2026-08-12"
"ent_counterrun_ai","CounterRun.ai","counterrun-ai","Organization","AI Security","Cybersecurity","https://counterrun.ai/","CISO","AI Security|Cybersecurity","ai-security|cybersecurity","","","","","risk-management|governance","cybersecurity|ai-security|artificial-intelligence","ai-leaders","Cybersecurity|Artificial Intelligence","","unknown","verified","2026-08-11"
"ent_atomic_zero","Atomic Zero","atomic-zero","Organization","Cybersecurity","AI Security|Consulting","https://atomiczero.io/","CISO|CIO","Cybersecurity|AI Security|Consulting","cybersecurity|ai-security|consulting","","","","","risk-management|transformation|operational-excellence","cybersecurity|artificial-intelligence|ai-transformation","","Artificial Intelligence|Cybersecurity|Technology","","unknown","verified","2026-08-12"
"ent_hackzero_ai","HackZero.ai","hackzero-ai","Organization","Cybersecurity","Consulting","https://hackzero.ai/","CISO|CFO","Cybersecurity|Consulting","cybersecurity|consulting","","","","","","","","Cybersecurity|Artificial Intelligence|Regulatory Technology","","unknown","verified","2026-08-11"
"ent_agentweb","AgentWeb","agentweb","Organization","Marketing Technology","Artificial Intelligence|AI Agents","https://agentweb.pro/","CMO|CEO","Marketing Technology|Artificial Intelligence|AI Agents","marketing-technology|artificial-intelligence|ai-agents","","","","","","","","","","unknown","verified","2026-08-11"
"ent_code_conductor","Code Conductor","code-conductor","Organization","Artificial Intelligence","Enterprise Technology","https://codeconductor.ai/","CIO|CTO","Artificial Intelligence|Enterprise Technology","artificial-intelligence|enterprise-technology","","","","","","","","","","unknown","verified","2026-08-11"
"ent_everything_ai","Everything AI","everything-ai","Organization","Artificial Intelligence","AI Agents|AI Infrastructure","https://geteverything.ai/","CIO|CTO","Artificial Intelligence|AI Agents|AI Infrastructure","artificial-intelligence|ai-agents|ai-infrastructure","","","","","","","","","","unknown","high confidence","2026-08-11"
"ent_xtrace","XTrace","xtrace","Organization","AI Infrastructure","Artificial Intelligence","https://xtrace.ai/","CIO|CTO","AI Infrastructure|Artificial Intelligence","ai-infrastructure|artificial-intelligence","","","","","","","","","","unknown","verified","2026-08-11"
"ent_velixar_ai","Velixar AI","velixar-ai","Organization","AI Infrastructure","Artificial Intelligence|AI Agents","https://velixarai.com/","CTO|CIO|CISO","AI Infrastructure|Artificial Intelligence|AI Agents","ai-infrastructure|artificial-intelligence|ai-agents","","","","","","","","","","unknown","verified","2026-08-11"
"ent_transform","Transform","transform","Organization","Executive Communities","Conferences|HR Technology","https://transform.us/","CHRO|CEO","Executive Communities|Conferences|HR Technology","executive-communities|conferences|hr-technology","executive-network|membership-organization","conference|panel","","","executive-networking|peer-learning|professional-development","leadership|artificial-intelligence|emerging-technology","","Technology|Professional Services","","unknown","verified","2026-08-12"
"ent_open_batch","Open Batch","open-batch","Organization","Executive Communities","Startup Programs|Accelerators","https://openbatch.ai/","CEO","Executive Communities|Startup Programs|Accelerators","executive-communities|startup-programs|accelerators","peer-group|executive-network","","","","peer-learning|collaboration|business-growth","venture-capital|fundraising|growth","founders","Technology|Artificial Intelligence","","unknown","verified","2026-08-12"
"ent_curated_connections","Curated Connections","curated-connections","Organization","Community Technology","Enterprise Technology","https://curatedconnections.io/","CMO|CHRO","Community Technology|Enterprise Technology","community-technology|enterprise-technology","","","","","","","","","","unknown","verified","2026-08-11"
